part_number,description,category,final_image,final_resolution,image_source,image_status,notes
02/100078,RING STARTER,Axle & Wheel Parts,/images/products/02-100078-ring-starter.webp,640x480,enhanced_rre_pdf,verified,Verified RRE PDF source crop enhanced on studio plate
10/300207,DIFFERENTIALASSEM',Axle & Wheel Parts,/images/products/10-300207-differentialassem.webp,640x480,gemini_generated_representation,generated,Original factual representation for DIFFERENTIALASSEM' (Part No. 10/300207) in Axle & Wheel Parts.
120/30003,STUB AXLE,Axle & Wheel Parts,/images/products/120-30003-stub-axle.webp,640x480,gemini_generated_representation,generated,Original factual representation for STUB AXLE (Part No. 120/30003) in Axle & Wheel Parts.
123/05458,STUB AXLE LH,Axle & Wheel Parts,/images/products/123-05458-stub-axle-lh.webp,640x480,gemini_generated_representation,generated,Original factual representation for STUB AXLE LH (Part No. 123/05458) in Axle & Wheel Parts.
125/33400,LOCKINGPINW.A.,Axle & Wheel Parts,/images/products/125-33400-lockingpinwa.webp,640x480,gemini_generated_representation,generated,Original factual representation for LOCKINGPINW.A. (Part No. 125/33400) in Axle & Wheel Parts.
128/G6649,M/Cd AXLE YOKE 2ws,Axle & Wheel Parts,/images/products/128-g6649-m-cd-axle-yoke-2ws.webp,640x480,gemini_generated_representation,generated,Original factual representation for M/Cd AXLE YOKE 2ws (Part No. 128/G6649) in Axle & Wheel Parts.
162/02936,AXLE MOUNTING PLATE REAR,Axle & Wheel Parts,/images/products/162-02936-axle-mounting-plate-rear.webp,640x480,gemini_generated_representation,generated,Original factual representation for AXLE MOUNTING PLATE REAR (Part No. 162/02936) in Axle & Wheel Parts.
162/02963,REAR AXLE MTG - FRONT,Axle & Wheel Parts,/images/products/162-02963-rear-axle-mtg-front.webp,640x480,gemini_generated_representation,generated,Original factual representation for REAR AXLE MTG - FRONT (Part No. 162/02963) in Axle & Wheel Parts.
162/03988,AXLE SHOE PRESSING 530,Axle & Wheel Parts,/images/products/162-03988-axle-shoe-pressing-530.webp,640x480,gemini_generated_representation,generated,Original factual representation for AXLE SHOE PRESSING 530 (Part No. 162/03988) in Axle & Wheel Parts.
20/952194,Kit wheel stud x 5,Axle & Wheel Parts,/images/products/20-952194-kit-wheel-stud-x-5.webp,640x480,gemini_generated_representation,generated,Original factual representation for Kit wheel stud x 5 (Part No. 20/952194) in Axle & Wheel Parts.
2203/0071,EXT CIRCLIP 60MM [1400 06,Axle & Wheel Parts,/images/products/2203-0071-ext-circlip-60mm-1400-06.webp,640x480,enhanced_rre_pdf,verified,Verified RRE PDF source crop enhanced on studio plate
242/00102,WHEEL NUT,Axle & Wheel Parts,/images/products/242-00102-wheel-nut.webp,640x480,gemini_generated_representation,generated,Original factual representation for WHEEL NUT (Part No. 242/00102) in Axle & Wheel Parts.
264/02601,AXLE PIVOT PIN,Axle & Wheel Parts,/images/products/264-02601-axle-pivot-pin.webp,640x480,gemini_generated_representation,generated,Original factual representation for AXLE PIVOT PIN (Part No. 264/02601) in Axle & Wheel Parts.
265/00228,AXLE PIN FRONT HOUSING,Axle & Wheel Parts,/images/products/265-00228-axle-pin-front-housing.webp,640x480,gemini_generated_representation,generated,Original factual representation for AXLE PIN FRONT HOUSING (Part No. 265/00228) in Axle & Wheel Parts.
265/02885,MOUNTING REAR AXLE,Axle & Wheel Parts,/images/products/265-02885-mounting-rear-axle.webp,640x480,gemini_generated_representation,generated,Original factual representation for MOUNTING REAR AXLE (Part No. 265/02885) in Axle & Wheel Parts.
267/38910,PLATE AXLE MTG STIFFENER,Axle & Wheel Parts,/images/products/267-38910-plate-axle-mtg-stiffener.webp,640x480,gemini_generated_representation,generated,Original factual representation for PLATE AXLE MTG STIFFENER (Part No. 267/38910) in Axle & Wheel Parts.
295/00077,AXLE STRAPZINC PLTD,Axle & Wheel Parts,/images/products/295-00077-axle-strapzinc-pltd.webp,640x480,gemini_generated_representation,generated,Original factual representation for AXLE STRAPZINC PLTD (Part No. 295/00077) in Axle & Wheel Parts.
32/905304,VALVE,Axle & Wheel Parts,/images/products/32-905304-valve.webp,640x480,enhanced_rre_pdf,verified,Verified RRE PDF source crop enhanced on studio plate
320/09299A,Kit-piston ring st- 4.4,Axle & Wheel Parts,/images/products/320-09299a-kit-piston-ring-st-44.webp,640x480,gemini_generated_representation,generated,Original factual representation for Kit-piston ring st- 4.4 (Part No. 320/09299A) in Axle & Wheel Parts.
331/20202,BALLJOINT,Axle & Wheel Parts,/images/products/331-20202-balljoint.webp,640x480,enhanced_rre_pdf,verified,Verified RRE PDF source crop enhanced on studio plate
331/36359,Axle(TIM-113181),Axle & Wheel Parts,/images/products/331-36359-axle-tim-113181.webp,640x480,gemini_generated_representation,generated,Original factual representation for Axle(TIM-113181) (Part No. 331/36359) in Axle & Wheel Parts.
331/61893,Cover Axle Access,Axle & Wheel Parts,/images/products/331-61893-cover-axle-access.webp,640x480,gemini_generated_representation,generated,Original factual representation for Cover Axle Access (Part No. 331/61893) in Axle & Wheel Parts.
332/A3609,AUGER LOCKING PIN,Axle & Wheel Parts,/images/products/332-a3609-auger-locking-pin.webp,640x480,gemini_generated_representation,generated,Original factual representation for AUGER LOCKING PIN (Part No. 332/A3609) in Axle & Wheel Parts.
332/C2439,LOCKING PIN 235 #JS370,Axle & Wheel Parts,/images/products/332-c2439-locking-pin-235-js370.webp,640x480,gemini_generated_representation,generated,Original factual representation for LOCKING PIN 235 #JS370 (Part No. 332/C2439) in Axle & Wheel Parts.
332/F5816,LEFT HAND FRONT AXLE PRESSING,Axle & Wheel Parts,/images/products/332-f5816-left-hand-front-axle-pressing.webp,640x480,gemini_generated_representation,generated,Original factual representation for LEFT HAND FRONT AXLE PRESSING (Part No. 332/F5816) in Axle & Wheel Parts.
332/H3930,PlanetaryAssembly,Axle & Wheel Parts,/images/products/332-h3930-planetaryassembly.webp,640x480,enhanced_rre_pdf,verified,Verified RRE PDF source crop enhanced on studio plate
332/L4547,AXLE PIVOT PIN 430ZX,Axle & Wheel Parts,/images/products/332-l4547-axle-pivot-pin-430zx.webp,640x480,gemini_generated_representation,generated,Original factual representation for AXLE PIVOT PIN 430ZX (Part No. 332/L4547) in Axle & Wheel Parts.
332/L4822,wheelnut(alt-550/40112),Axle & Wheel Parts,/images/products/332-l4822-wheelnut-alt-550-40112.webp,640x480,gemini_generated_representation,generated,Original factual representation for wheelnut(alt-550/40112) (Part No. 332/L4822) in Axle & Wheel Parts.
332/N2851,Axle flange machined 10T  # VM115D,Axle & Wheel Parts,/images/products/332-n2851-axle-flange-machined-10t-vm115d.webp,640x480,gemini_generated_representation,generated,Original factual representation for Axle flange machined 10T  # VM115D (Part No. 332/N2851) in Axle & Wheel Parts.
332/N7356,AXLE MOTOR A6VM55 EZ3    # Selke,Axle & Wheel Parts,/images/products/332-n7356-axle-motor-a6vm55-ez3-selke.webp,640x480,gemini_generated_representation,generated,Original factual representation for AXLE MOTOR A6VM55 EZ3    # Selke (Part No. 332/N7356) in Axle & Wheel Parts.
332/P2115,FRONT AXLE 432Z,Axle & Wheel Parts,/images/products/332-p2115-front-axle-432z.webp,640x480,gemini_generated_representation,generated,Original factual representation for FRONT AXLE 432Z (Part No. 332/P2115) in Axle & Wheel Parts.
332/P2165,REAR AXLE 432 WLS,Axle & Wheel Parts,/images/products/332-p2165-rear-axle-432-wls.webp,640x480,gemini_generated_representation,generated,Original factual representation for REAR AXLE 432 WLS (Part No. 332/P2165) in Axle & Wheel Parts.
332/P5600,W.A. FRONT AXLE MACHINED_SB,Axle & Wheel Parts,/images/products/332-p5600-wa-front-axle-machined-sb.webp,640x480,gemini_generated_representation,generated,Original factual representation for W.A. FRONT AXLE MACHINED_SB (Part No. 332/P5600) in Axle & Wheel Parts.
332/P7360,KING PIN_SB,Axle & Wheel Parts,/images/products/332-p7360-king-pin-sb.webp,640x480,gemini_generated_representation,generated,Original factual representation for KING PIN_SB (Part No. 332/P7360) in Axle & Wheel Parts.
332/P9932,WHEEL NUT - M22X1.5,Axle & Wheel Parts,/images/products/332-p9932-wheel-nut-m22x15.webp,640x480,gemini_generated_representation,generated,Original factual representation for WHEEL NUT - M22X1.5 (Part No. 332/P9932) in Axle & Wheel Parts.
332/Y3628,LockingPin,Axle & Wheel Parts,/images/products/332-y3628-lockingpin.webp,640x480,gemini_generated_representation,generated,Original factual representation for LockingPin (Part No. 332/Y3628) in Axle & Wheel Parts.
332/Y3671,Wheel nut,Axle & Wheel Parts,/images/products/332-y3671-wheel-nut.webp,640x480,gemini_generated_representation,generated,Original factual representation for Wheel nut (Part No. 332/Y3671) in Axle & Wheel Parts.
332/Y7646,DIFFERENTIALAXLE,Axle & Wheel Parts,/images/products/332-y7646-differentialaxle.webp,640x480,gemini_generated_representation,generated,Original factual representation for DIFFERENTIALAXLE (Part No. 332/Y7646) in Axle & Wheel Parts.
332/Y7647,DIFF.AXLE,Axle & Wheel Parts,/images/products/332-y7647-diffaxle.webp,640x480,gemini_generated_representation,generated,Original factual representation for DIFF.AXLE (Part No. 332/Y7647) in Axle & Wheel Parts.
332/Y8021,GA STUB AXLE LH_SB,Axle & Wheel Parts,/images/products/332-y8021-ga-stub-axle-lh-sb.webp,640x480,gemini_generated_representation,generated,Original factual representation for GA STUB AXLE LH_SB (Part No. 332/Y8021) in Axle & Wheel Parts.
332/Y8023,GA STUB AXLE RH_SB,Axle & Wheel Parts,/images/products/332-y8023-ga-stub-axle-rh-sb.webp,640x480,gemini_generated_representation,generated,Original factual representation for GA STUB AXLE RH_SB (Part No. 332/Y8023) in Axle & Wheel Parts.
332/Y8449,WHEEL NUT,Axle & Wheel Parts,/images/products/332-y8449-wheel-nut.webp,640x480,gemini_generated_representation,generated,Original factual representation for WHEEL NUT (Part No. 332/Y8449) in Axle & Wheel Parts.
332/Y9044,LOCKING PIN,Axle & Wheel Parts,/images/products/332-y9044-locking-pin.webp,640x480,gemini_generated_representation,generated,Original factual representation for LOCKING PIN (Part No. 332/Y9044) in Axle & Wheel Parts.
332/Y9712,DIFFERENTIALBEVELGEAR,Axle & Wheel Parts,/images/products/332-y9712-differentialbevelgear.webp,640x480,gemini_generated_representation,generated,Original factual representation for DIFFERENTIALBEVELGEAR (Part No. 332/Y9712) in Axle & Wheel Parts.
332/Y9722,DIFFERENTIALSPIDER,Axle & Wheel Parts,/images/products/332-y9722-differentialspider.webp,640x480,gemini_generated_representation,generated,Original factual representation for DIFFERENTIALSPIDER (Part No. 332/Y9722) in Axle & Wheel Parts.
332/Y9749,AXLE BRACKET,Axle & Wheel Parts,/images/products/332-y9749-axle-bracket.webp,640x480,gemini_generated_representation,generated,Original factual representation for AXLE BRACKET (Part No. 332/Y9749) in Axle & Wheel Parts.
333/C5103,DIFFERENTIAL AXLE,Axle & Wheel Parts,/images/products/333-c5103-differential-axle.webp,640x480,gemini_generated_representation,generated,Original factual representation for DIFFERENTIAL AXLE (Part No. 333/C5103) in Axle & Wheel Parts.
333/C5104,DIFFERENTIAL AXLE,Axle & Wheel Parts,/images/products/333-c5104-differential-axle.webp,640x480,gemini_generated_representation,generated,Original factual representation for DIFFERENTIAL AXLE (Part No. 333/C5104) in Axle & Wheel Parts.
333/C6033,HOUSINGDIFFERENTIAL,Axle & Wheel Parts,/images/products/333-c6033-housingdifferential.webp,640x480,gemini_generated_representation,generated,Original factual representation for HOUSINGDIFFERENTIAL (Part No. 333/C6033) in Axle & Wheel Parts.
333/C6181,Assembly differential LSD,Axle & Wheel Parts,/images/products/333-c6181-assembly-differential-lsd.webp,640x480,gemini_generated_representation,generated,Original factual representation for Assembly differential LSD (Part No. 333/C6181) in Axle & Wheel Parts.
333/C6469,Housing differential,Axle & Wheel Parts,/images/products/333-c6469-housing-differential.webp,640x480,gemini_generated_representation,generated,Original factual representation for Housing differential (Part No. 333/C6469) in Axle & Wheel Parts.
333/C6514,Axle differential,Axle & Wheel Parts,/images/products/333-c6514-axle-differential.webp,640x480,gemini_generated_representation,generated,Original factual representation for Axle differential (Part No. 333/C6514) in Axle & Wheel Parts.
333/C6611,AXLE DRIVE HOUSING,Axle & Wheel Parts,/images/products/333-c6611-axle-drive-housing.webp,640x480,gemini_generated_representation,generated,Original factual representation for AXLE DRIVE HOUSING (Part No. 333/C6611) in Axle & Wheel Parts.
333/C6707,AXLE CASING,Axle & Wheel Parts,/images/products/333-c6707-axle-casing.webp,640x480,gemini_generated_representation,generated,Original factual representation for AXLE CASING (Part No. 333/C6707) in Axle & Wheel Parts.
333/D7280,Housing differential,Axle & Wheel Parts,/images/products/333-d7280-housing-differential.webp,640x480,gemini_generated_representation,generated,Original factual representation for Housing differential (Part No. 333/D7280) in Axle & Wheel Parts.
333/D7289,Arm axle,Axle & Wheel Parts,/images/products/333-d7289-arm-axle.webp,640x480,gemini_generated_representation,generated,Original factual representation for Arm axle (Part No. 333/D7289) in Axle & Wheel Parts.
333/D7374,Casing axle,Axle & Wheel Parts,/images/products/333-d7374-casing-axle.webp,640x480,gemini_generated_representation,generated,Original factual representation for Casing axle (Part No. 333/D7374) in Axle & Wheel Parts.
333/E2835,ADAPTOR M14-M12 AXLE,Axle & Wheel Parts,/images/products/333-e2835-adaptor-m14-m12-axle.webp,640x480,gemini_generated_representation,generated,Original factual representation for ADAPTOR M14-M12 AXLE (Part No. 333/E2835) in Axle & Wheel Parts.
333/F2044,SHAFT LOCKING PIN,Axle & Wheel Parts,/images/products/333-f2044-shaft-locking-pin.webp,640x480,gemini_generated_representation,generated,Original factual representation for SHAFT LOCKING PIN (Part No. 333/F2044) in Axle & Wheel Parts.
333/G6734,WALOCKINGPIN,Axle & Wheel Parts,/images/products/333-g6734-walockingpin.webp,640x480,gemini_generated_representation,generated,Original factual representation for WALOCKINGPIN (Part No. 333/G6734) in Axle & Wheel Parts.
333/H4196,KitSpider,Axle & Wheel Parts,/images/products/333-h4196-kitspider.webp,640x480,enhanced_rre_pdf,verified,Verified RRE PDF source crop enhanced on studio plate
333/P0953,REAR AXLE ZF,Axle & Wheel Parts,/images/products/333-p0953-rear-axle-zf.webp,640x480,gemini_generated_representation,generated,Original factual representation for REAR AXLE ZF (Part No. 333/P0953) in Axle & Wheel Parts.
333/P0953R,RECON REAR AXLE ZF (4475057026),Axle & Wheel Parts,/images/products/333-p0953r-recon-rear-axle-zf-4475057026.webp,640x480,gemini_generated_representation,generated,Original factual representation for RECON REAR AXLE ZF (4475057026) (Part No. 333/P0953R) in Axle & Wheel Parts.
333/P2407,FRONT AXLE ZF,Axle & Wheel Parts,/images/products/333-p2407-front-axle-zf.webp,640x480,gemini_generated_representation,generated,Original factual representation for FRONT AXLE ZF (Part No. 333/P2407) in Axle & Wheel Parts.
333/P2407R,RECON FRONT AXLE ZF (4475057015),Axle & Wheel Parts,/images/products/333-p2407r-recon-front-axle-zf-4475057015.webp,640x480,gemini_generated_representation,generated,Original factual representation for RECON FRONT AXLE ZF (4475057015) (Part No. 333/P2407R) in Axle & Wheel Parts.
333/R2165,GA LOCKING PIN& WASHERJ250,Axle & Wheel Parts,/images/products/333-r2165-ga-locking-pin-washerj250.webp,640x480,gemini_generated_representation,generated,Original factual representation for GA LOCKING PIN& WASHERJ250 (Part No. 333/R2165) in Axle & Wheel Parts.
333/R6214,WHEEL NUT M22X1.5 DACROMET,Axle & Wheel Parts,/images/products/333-r6214-wheel-nut-m22x15-dacromet.webp,640x480,gemini_generated_representation,generated,Original factual representation for WHEEL NUT M22X1.5 DACROMET (Part No. 333/R6214) in Axle & Wheel Parts.
333/R6925,LOCKINGPINJ250#422ZX,Axle & Wheel Parts,/images/products/333-r6925-lockingpinj250422zx.webp,640x480,gemini_generated_representation,generated,Original factual representation for LOCKINGPINJ250#422ZX (Part No. 333/R6925) in Axle & Wheel Parts.
333/R8318,FRONT AXLE ZF MT-L3105 MK2,Axle & Wheel Parts,/images/products/333-r8318-front-axle-zf-mt-l3105-mk2.webp,640x480,gemini_generated_representation,generated,Original factual representation for FRONT AXLE ZF MT-L3105 MK2 (Part No. 333/R8318) in Axle & Wheel Parts.
333/R8363,FRONT AXLE ZF MT-L3105 MK2 LSD,Axle & Wheel Parts,/images/products/333-r8363-front-axle-zf-mt-l3105-mk2-lsd.webp,640x480,gemini_generated_representation,generated,Original factual representation for FRONT AXLE ZF MT-L3105 MK2 LSD (Part No. 333/R8363) in Axle & Wheel Parts.
333/S5708,REAR AXLE TRUNNION 456,Axle & Wheel Parts,/images/products/333-s5708-rear-axle-trunnion-456.webp,640x480,gemini_generated_representation,generated,Original factual representation for REAR AXLE TRUNNION 456 (Part No. 333/S5708) in Axle & Wheel Parts.
333/T8991,GA LOCKING PIN (COATED),Axle & Wheel Parts,/images/products/333-t8991-ga-locking-pin-coated.webp,640x480,gemini_generated_representation,generated,Original factual representation for GA LOCKING PIN (COATED) (Part No. 333/T8991) in Axle & Wheel Parts.
333/Y1184,KING PIN,Axle & Wheel Parts,/images/products/333-y1184-king-pin.webp,640x480,gemini_generated_representation,generated,Original factual representation for KING PIN (Part No. 333/Y1184) in Axle & Wheel Parts.
333/Y4580,STUB AXLE,Axle & Wheel Parts,/images/products/333-y4580-stub-axle.webp,640x480,gemini_generated_representation,generated,Original factual representation for STUB AXLE (Part No. 333/Y4580) in Axle & Wheel Parts.
333/Y5855,DIFFERENTIALHOUSING(3-CYLINDERSOLIS-,Axle & Wheel Parts,/images/products/333-y5855-differentialhousing-3-cylindersolis.webp,640x480,gemini_generated_representation,generated,Original factual representation for DIFFERENTIALHOUSING(3-CYLINDERSOLIS- (Part No. 333/Y5855) in Axle & Wheel Parts.
333/Y8296,GA PD55 PAD MT AXLE-2DXL-BHL,Axle & Wheel Parts,/images/products/333-y8296-ga-pd55-pad-mt-axle-2dxl-bhl.webp,640x480,gemini_generated_representation,generated,Original factual representation for GA PD55 PAD MT AXLE-2DXL-BHL (Part No. 333/Y8296) in Axle & Wheel Parts.
333/Y9095,GA REAR AXLE -36kph,Axle & Wheel Parts,/images/products/333-y9095-ga-rear-axle-36kph.webp,640x480,gemini_generated_representation,generated,Original factual representation for GA REAR AXLE -36kph (Part No. 333/Y9095) in Axle & Wheel Parts.
333/Y9095CS,Cut section Rear axle - BHL,Axle & Wheel Parts,/images/products/333-y9095cs-cut-section-rear-axle-bhl.webp,640x480,gemini_generated_representation,generated,Original factual representation for Cut section Rear axle - BHL (Part No. 333/Y9095CS) in Axle & Wheel Parts.
333/Y9294,CAST -L/H AXLE CARRIER,Axle & Wheel Parts,/images/products/333-y9294-cast-l-h-axle-carrier.webp,640x480,gemini_generated_representation,generated,Original factual representation for CAST -L/H AXLE CARRIER (Part No. 333/Y9294) in Axle & Wheel Parts.
334/F3004,WA FRONT AXLE FEET,Axle & Wheel Parts,/images/products/334-f3004-wa-front-axle-feet.webp,640x480,gemini_generated_representation,generated,Original factual representation for WA FRONT AXLE FEET (Part No. 334/F3004) in Axle & Wheel Parts.
334/Y0898,AXLE CARRIER -L/H M/C,Axle & Wheel Parts,/images/products/334-y0898-axle-carrier-l-h-m-c.webp,640x480,gemini_generated_representation,generated,Original factual representation for AXLE CARRIER -L/H M/C (Part No. 334/Y0898) in Axle & Wheel Parts.
334/Y0899,AXLE CARRIER -R/H M/C,Axle & Wheel Parts,/images/products/334-y0899-axle-carrier-r-h-m-c.webp,640x480,gemini_generated_representation,generated,Original factual representation for AXLE CARRIER -R/H M/C (Part No. 334/Y0899) in Axle & Wheel Parts.
334/Y5023,FRONT AXLE STOPPER-SMALLE,Axle & Wheel Parts,/images/products/334-y5023-front-axle-stopper-smalle.webp,640x480,gemini_generated_representation,generated,Original factual representation for FRONT AXLE STOPPER-SMALLE (Part No. 334/Y5023) in Axle & Wheel Parts.
334/Y5075,Axle service kit,Axle & Wheel Parts,/images/products/334-y5075-axle-service-kit.webp,640x480,gemini_generated_representation,generated,Original factual representation for Axle service kit (Part No. 334/Y5075) in Axle & Wheel Parts.
334/Y6178,AXLE ARM - MACHINING,Axle & Wheel Parts,/images/products/334-y6178-axle-arm-machining.webp,640x480,gemini_generated_representation,generated,Original factual representation for AXLE ARM - MACHINING (Part No. 334/Y6178) in Axle & Wheel Parts.
334/Y6624,GA FRONT AXLE-AS SUPPLIED,Axle & Wheel Parts,/images/products/334-y6624-ga-front-axle-as-supplied.webp,640x480,gemini_generated_representation,generated,Original factual representation for GA FRONT AXLE-AS SUPPLIED (Part No. 334/Y6624) in Axle & Wheel Parts.
335/F3670,WA RR AXLE MANIFOLD MTG BRKT,Axle & Wheel Parts,/images/products/335-f3670-wa-rr-axle-manifold-mtg-brkt.webp,640x480,gemini_generated_representation,generated,Original factual representation for WA RR AXLE MANIFOLD MTG BRKT (Part No. 335/F3670) in Axle & Wheel Parts.
335/F4147,GA REAR AXLE-40 KPH,Axle & Wheel Parts,/images/products/335-f4147-ga-rear-axle-40-kph.webp,640x480,gemini_generated_representation,generated,Original factual representation for GA REAR AXLE-40 KPH (Part No. 335/F4147) in Axle & Wheel Parts.
335/F4791,WA FR AXLE MANIFOLD MTG BRKT,Axle & Wheel Parts,/images/products/335-f4791-wa-fr-axle-manifold-mtg-brkt.webp,640x480,gemini_generated_representation,generated,Original factual representation for WA FR AXLE MANIFOLD MTG BRKT (Part No. 335/F4791) in Axle & Wheel Parts.
335/F5960,FRONT AXLE ZF,Axle & Wheel Parts,/images/products/335-f5960-front-axle-zf.webp,640x480,gemini_generated_representation,generated,Original factual representation for FRONT AXLE ZF (Part No. 335/F5960) in Axle & Wheel Parts.
335/F5960R,REMAN FRONT AXLE ZF 433-4/433-5,Axle & Wheel Parts,/images/products/335-f5960r-reman-front-axle-zf-433-4-433-5.webp,640x480,gemini_generated_representation,generated,Original factual representation for REMAN FRONT AXLE ZF 433-4/433-5 (Part No. 335/F5960R) in Axle & Wheel Parts.
335/F5963,REAR AXLE ZF,Axle & Wheel Parts,/images/products/335-f5963-rear-axle-zf.webp,640x480,gemini_generated_representation,generated,Original factual representation for REAR AXLE ZF (Part No. 335/F5963) in Axle & Wheel Parts.
335/F5963R,REMAN REAR AXLE ZF 433-4/433-5,Axle & Wheel Parts,/images/products/335-f5963r-reman-rear-axle-zf-433-4-433-5.webp,640x480,gemini_generated_representation,generated,Original factual representation for REMAN REAR AXLE ZF 433-4/433-5 (Part No. 335/F5963R) in Axle & Wheel Parts.
335/F8433,WHEELNUTWRENCH25AF,Axle & Wheel Parts,/images/products/335-f8433-wheelnutwrench25af.webp,640x480,gemini_generated_representation,generated,Original factual representation for WHEELNUTWRENCH25AF (Part No. 335/F8433) in Axle & Wheel Parts.
335/H2593,GA AXLE LOOSE KIT #VM166,Axle & Wheel Parts,/images/products/335-h2593-ga-axle-loose-kit-vm166.webp,640x480,gemini_generated_representation,generated,Original factual representation for GA AXLE LOOSE KIT #VM166 (Part No. 335/H2593) in Axle & Wheel Parts.
335/H3377,DIFFERENTIAL HALF FLANGED LD,Axle & Wheel Parts,/images/products/335-h3377-differential-half-flanged-ld.webp,640x480,gemini_generated_representation,generated,Original factual representation for DIFFERENTIAL HALF FLANGED LD (Part No. 335/H3377) in Axle & Wheel Parts.
335/L0004,GA PD70 PAD MOUNT AXLE,Axle & Wheel Parts,/images/products/335-l0004-ga-pd70-pad-mount-axle.webp,640x480,gemini_generated_representation,generated,Original factual representation for GA PD70 PAD MOUNT AXLE (Part No. 335/L0004) in Axle & Wheel Parts.
335/Y0138,KING PIN,Axle & Wheel Parts,/images/products/335-y0138-king-pin.webp,640x480,gemini_generated_representation,generated,Original factual representation for KING PIN (Part No. 335/Y0138) in Axle & Wheel Parts.
335/Y0575,L/H AXLE CARRIER m/cd - EXPORT,Axle & Wheel Parts,/images/products/335-y0575-l-h-axle-carrier-m-cd-export.webp,640x480,gemini_generated_representation,generated,Original factual representation for L/H AXLE CARRIER m/cd - EXPORT (Part No. 335/Y0575) in Axle & Wheel Parts.
335/Y0578,R/H AXLE CARRIER m/cd - EXPORT,Axle & Wheel Parts,/images/products/335-y0578-r-h-axle-carrier-m-cd-export.webp,640x480,gemini_generated_representation,generated,Original factual representation for R/H AXLE CARRIER m/cd - EXPORT (Part No. 335/Y0578) in Axle & Wheel Parts.
335/Y1351,REAR AXLE MOUNT BKT,Axle & Wheel Parts,/images/products/335-y1351-rear-axle-mount-bkt.webp,640x480,gemini_generated_representation,generated,Original factual representation for REAR AXLE MOUNT BKT (Part No. 335/Y1351) in Axle & Wheel Parts.
335/Y2706,GA REAR AXLE -40kph 10 BOLTS,Axle & Wheel Parts,/images/products/335-y2706-ga-rear-axle-40kph-10-bolts.webp,640x480,gemini_generated_representation,generated,Original factual representation for GA REAR AXLE -40kph 10 BOLTS (Part No. 335/Y2706) in Axle & Wheel Parts.
335/Y2706CS,Cut section of Rear Axle,Axle & Wheel Parts,/images/products/335-y2706cs-cut-section-of-rear-axle.webp,640x480,gemini_generated_representation,generated,Original factual representation for Cut section of Rear Axle (Part No. 335/Y2706CS) in Axle & Wheel Parts.
335/Y2706R,Recon REAR AXLE -40kph 10 BOLTS,Axle & Wheel Parts,/images/products/335-y2706r-recon-rear-axle-40kph-10-bolts.webp,640x480,gemini_generated_representation,generated,Original factual representation for Recon REAR AXLE -40kph 10 BOLTS (Part No. 335/Y2706R) in Axle & Wheel Parts.
335/Y2883,AXLE BEAM,Axle & Wheel Parts,/images/products/335-y2883-axle-beam.webp,640x480,gemini_generated_representation,generated,Original factual representation for AXLE BEAM (Part No. 335/Y2883) in Axle & Wheel Parts.
335/Y8444,ABI WELDED AXLE -2wd P589,Axle & Wheel Parts,/images/products/335-y8444-abi-welded-axle-2wd-p589.webp,640x480,gemini_generated_representation,generated,Original factual representation for ABI WELDED AXLE -2wd P589 (Part No. 335/Y8444) in Axle & Wheel Parts.
335/Y8789,GA FRONT AXLE-4WD-2DXL,Axle & Wheel Parts,/images/products/335-y8789-ga-front-axle-4wd-2dxl.webp,640x480,gemini_generated_representation,generated,Original factual representation for GA FRONT AXLE-4WD-2DXL (Part No. 335/Y8789) in Axle & Wheel Parts.
336/A1405,DIFFERENTIAL CASE PLAIN,Axle & Wheel Parts,/images/products/336-a1405-differential-case-plain.webp,640x480,gemini_generated_representation,generated,Original factual representation for DIFFERENTIAL CASE PLAIN (Part No. 336/A1405) in Axle & Wheel Parts.
336/A7069,AXLE ARM - CASTING SD40 LONGER,Axle & Wheel Parts,/images/products/336-a7069-axle-arm-casting-sd40-longer.webp,640x480,gemini_generated_representation,generated,Original factual representation for AXLE ARM - CASTING SD40 LONGER (Part No. 336/A7069) in Axle & Wheel Parts.
336/A7155,AXLE ARM - MACHINING LONGER RHS,Axle & Wheel Parts,/images/products/336-a7155-axle-arm-machining-longer-rhs.webp,640x480,gemini_generated_representation,generated,Original factual representation for AXLE ARM - MACHINING LONGER RHS (Part No. 336/A7155) in Axle & Wheel Parts.
336/A8250,Wheel Nut,Axle & Wheel Parts,/images/products/336-a8250-wheel-nut.webp,640x480,gemini_generated_representation,generated,Original factual representation for Wheel Nut (Part No. 336/A8250) in Axle & Wheel Parts.
336/B1343,DIFFERENTIAL CASE,Axle & Wheel Parts,/images/products/336-b1343-differential-case.webp,640x480,gemini_generated_representation,generated,Original factual representation for DIFFERENTIAL CASE (Part No. 336/B1343) in Axle & Wheel Parts.
336/B1344,Differential Axle,Axle & Wheel Parts,/images/products/336-b1344-differential-axle.webp,640x480,gemini_generated_representation,generated,Original factual representation for Differential Axle (Part No. 336/B1344) in Axle & Wheel Parts.
336/B1491,Axle Drive housing,Axle & Wheel Parts,/images/products/336-b1491-axle-drive-housing.webp,640x480,gemini_generated_representation,generated,Original factual representation for Axle Drive housing (Part No. 336/B1491) in Axle & Wheel Parts.
336/C5184,SUPPORT DIFFERENTIAL CROSS,Axle & Wheel Parts,/images/products/336-c5184-support-differential-cross.webp,640x480,gemini_generated_representation,generated,Original factual representation for SUPPORT DIFFERENTIAL CROSS (Part No. 336/C5184) in Axle & Wheel Parts.
336/C7264,AXLE MOTOR A6VM055 #VM116,Axle & Wheel Parts,/images/products/336-c7264-axle-motor-a6vm055-vm116.webp,640x480,gemini_generated_representation,generated,Original factual representation for AXLE MOTOR A6VM055 #VM116 (Part No. 336/C7264) in Axle & Wheel Parts.
336/D3238,AXLE ARM - CASTING SD40,Axle & Wheel Parts,/images/products/336-d3238-axle-arm-casting-sd40.webp,640x480,gemini_generated_representation,generated,Original factual representation for AXLE ARM - CASTING SD40 (Part No. 336/D3238) in Axle & Wheel Parts.
336/D3241,AXLE ARM - MACHINING,Axle & Wheel Parts,/images/products/336-d3241-axle-arm-machining.webp,640x480,gemini_generated_representation,generated,Original factual representation for AXLE ARM - MACHINING (Part No. 336/D3241) in Axle & Wheel Parts.
336/E2201,LOCKING PINÂ,Axle & Wheel Parts,/images/products/336-e2201-locking-pin.webp,640x480,gemini_generated_representation,generated,Original factual representation for LOCKING PINÂ (Part No. 336/E2201) in Axle & Wheel Parts.
336/F1262,GA AXLE FRONT,Axle & Wheel Parts,/images/products/336-f1262-ga-axle-front.webp,640x480,gemini_generated_representation,generated,Original factual representation for GA AXLE FRONT (Part No. 336/F1262) in Axle & Wheel Parts.
336/F1264,GA AXLE REAR,Axle & Wheel Parts,/images/products/336-f1264-ga-axle-rear.webp,640x480,gemini_generated_representation,generated,Original factual representation for GA AXLE REAR (Part No. 336/F1264) in Axle & Wheel Parts.
336/F2542,FRONT AXLE PR10 - 24.1 RATIO,Axle & Wheel Parts,/images/products/336-f2542-front-axle-pr10-241-ratio.webp,640x480,gemini_generated_representation,generated,Original factual representation for FRONT AXLE PR10 - 24.1 RATIO (Part No. 336/F2542) in Axle & Wheel Parts.
336/F2543,REAR AXLE PR10 - 24.1 RATIO,Axle & Wheel Parts,/images/products/336-f2543-rear-axle-pr10-241-ratio.webp,640x480,gemini_generated_representation,generated,Original factual representation for REAR AXLE PR10 - 24.1 RATIO (Part No. 336/F2543) in Axle & Wheel Parts.
336/F3521,REAR AXLE MTL 3085 II - 455ZX,Axle & Wheel Parts,/images/products/336-f3521-rear-axle-mtl-3085-ii-455zx.webp,640x480,gemini_generated_representation,generated,Original factual representation for REAR AXLE MTL 3085 II - 455ZX (Part No. 336/F3521) in Axle & Wheel Parts.
336/Y2515,GA PD70 PAD MT AXLE,Axle & Wheel Parts,/images/products/336-y2515-ga-pd70-pad-mt-axle.webp,640x480,gemini_generated_representation,generated,Original factual representation for GA PD70 PAD MT AXLE (Part No. 336/Y2515) in Axle & Wheel Parts.
336/Y2542,GA PD70 PAD MT AXLE 10-ST,Axle & Wheel Parts,/images/products/336-y2542-ga-pd70-pad-mt-axle-10-st.webp,640x480,gemini_generated_representation,generated,Original factual representation for GA PD70 PAD MT AXLE 10-ST (Part No. 336/Y2542) in Axle & Wheel Parts.
336/Y2542CS,Cut section - Rear Axle,Axle & Wheel Parts,/images/products/336-y2542cs-cut-section-rear-axle.webp,640x480,gemini_generated_representation,generated,Original factual representation for Cut section - Rear Axle (Part No. 336/Y2542CS) in Axle & Wheel Parts.
336/Y2542R,Recon PD70 PAD MT AXLE 10-ST,Axle & Wheel Parts,/images/products/336-y2542r-recon-pd70-pad-mt-axle-10-st.webp,640x480,gemini_generated_representation,generated,Original factual representation for Recon PD70 PAD MT AXLE 10-ST (Part No. 336/Y2542R) in Axle & Wheel Parts.
40/304179,3/416UNF WHEEL NUT,Axle & Wheel Parts,/images/products/40-304179-3-416unf-wheel-nut.webp,640x480,gemini_generated_representation,generated,Original factual representation for 3/416UNF WHEEL NUT (Part No. 40/304179) in Axle & Wheel Parts.
400/01212,AXLE SHAFT,Axle & Wheel Parts,/images/products/400-01212-axle-shaft.webp,640x480,gemini_generated_representation,generated,Original factual representation for AXLE SHAFT (Part No. 400/01212) in Axle & Wheel Parts.
400/03449,Differential assembly,Axle & Wheel Parts,/images/products/400-03449-differential-assembly.webp,640x480,gemini_generated_representation,generated,Original factual representation for Differential assembly (Part No. 400/03449) in Axle & Wheel Parts.
400/03455,DIFF.AXLE,Axle & Wheel Parts,/images/products/400-03455-diffaxle.webp,640x480,gemini_generated_representation,generated,Original factual representation for DIFF.AXLE (Part No. 400/03455) in Axle & Wheel Parts.
400/03458,DIFF.AXLE,Axle & Wheel Parts,/images/products/400-03458-diffaxle.webp,640x480,gemini_generated_representation,generated,Original factual representation for DIFF.AXLE (Part No. 400/03458) in Axle & Wheel Parts.
400/04138,Locking Pin,Axle & Wheel Parts,/images/products/400-04138-locking-pin.webp,640x480,gemini_generated_representation,generated,Original factual representation for Locking Pin (Part No. 400/04138) in Axle & Wheel Parts.
400/08116,Wheel Hub Sleeve 96 (R-2.5mm) Front axle,Axle & Wheel Parts,/images/products/400-08116-wheel-hub-sleeve-96-r-25mm-front-axle.webp,640x480,gemini_generated_representation,generated,Original factual representation for Wheel Hub Sleeve 96 (R-2.5mm) Front axle (Part No. 400/08116) in Axle & Wheel Parts.
400/08117,Wheel Hub Sleeve 97 (R-2.5mm) Front axle,Axle & Wheel Parts,/images/products/400-08117-wheel-hub-sleeve-97-r-25mm-front-axle.webp,640x480,gemini_generated_representation,generated,Original factual representation for Wheel Hub Sleeve 97 (R-2.5mm) Front axle (Part No. 400/08117) in Axle & Wheel Parts.
400/08688,Complete front Differential Assembly,Axle & Wheel Parts,/images/products/400-08688-complete-front-differential-assembly.webp,640x480,gemini_generated_representation,generated,Original factual representation for Complete front Differential Assembly (Part No. 400/08688) in Axle & Wheel Parts.
400/11611,LOCKING PIN,Axle & Wheel Parts,/images/products/400-11611-locking-pin.webp,640x480,gemini_generated_representation,generated,Original factual representation for LOCKING PIN (Part No. 400/11611) in Axle & Wheel Parts.
400/28337,Shaft (Axle),Axle & Wheel Parts,/images/products/400-28337-shaft-axle.webp,640x480,gemini_generated_representation,generated,Original factual representation for Shaft (Axle) (Part No. 400/28337) in Axle & Wheel Parts.
400/28546,Differential Support Asse,Axle & Wheel Parts,/images/products/400-28546-differential-support-asse.webp,640x480,gemini_generated_representation,generated,Original factual representation for Differential Support Asse (Part No. 400/28546) in Axle & Wheel Parts.
400/28798,Axle Casing,Axle & Wheel Parts,/images/products/400-28798-axle-casing.webp,640x480,gemini_generated_representation,generated,Original factual representation for Axle Casing (Part No. 400/28798) in Axle & Wheel Parts.
400/28800,Axle Casing,Axle & Wheel Parts,/images/products/400-28800-axle-casing.webp,640x480,gemini_generated_representation,generated,Original factual representation for Axle Casing (Part No. 400/28800) in Axle & Wheel Parts.
400/29313,Wheel Nut M14,Axle & Wheel Parts,/images/products/400-29313-wheel-nut-m14.webp,640x480,gemini_generated_representation,generated,Original factual representation for Wheel Nut M14 (Part No. 400/29313) in Axle & Wheel Parts.
400/K3309,ROD - AXLE,Axle & Wheel Parts,/images/products/400-k3309-rod-axle.webp,640x480,gemini_generated_representation,generated,Original factual representation for ROD - AXLE (Part No. 400/K3309) in Axle & Wheel Parts.
400/K6252,WA LOCKING PIN,Axle & Wheel Parts,/images/products/400-k6252-wa-locking-pin.webp,640x480,gemini_generated_representation,generated,Original factual representation for WA LOCKING PIN (Part No. 400/K6252) in Axle & Wheel Parts.
400/N6589,WHEEL NUT,Axle & Wheel Parts,/images/products/400-n6589-wheel-nut.webp,640x480,gemini_generated_representation,generated,Original factual representation for WHEEL NUT (Part No. 400/N6589) in Axle & Wheel Parts.
400/N7819,WHEEL NUT M22 X 1.5,Axle & Wheel Parts,/images/products/400-n7819-wheel-nut-m22-x-15.webp,640x480,gemini_generated_representation,generated,Original factual representation for WHEEL NUT M22 X 1.5 (Part No. 400/N7819) in Axle & Wheel Parts.
400/N9970,AXLE MOUNT PRESSING,Axle & Wheel Parts,/images/products/400-n9970-axle-mount-pressing.webp,640x480,gemini_generated_representation,generated,Original factual representation for AXLE MOUNT PRESSING (Part No. 400/N9970) in Axle & Wheel Parts.
400/R2088,PLATE - AXLE PAD,Axle & Wheel Parts,/images/products/400-r2088-plate-axle-pad.webp,640x480,gemini_generated_representation,generated,Original factual representation for PLATE - AXLE PAD (Part No. 400/R2088) in Axle & Wheel Parts.
400/S6534,LOCKING PIN,Axle & Wheel Parts,/images/products/400-s6534-locking-pin.webp,640x480,gemini_generated_representation,generated,Original factual representation for LOCKING PIN (Part No. 400/S6534) in Axle & Wheel Parts.
400/V3032,W.A.PINCARRIAGELOCKINGPIN',Axle & Wheel Parts,/images/products/400-v3032-wapincarriagelockingpin.webp,640x480,gemini_generated_representation,generated,Original factual representation for W.A.PINCARRIAGELOCKINGPIN' (Part No. 400/V3032) in Axle & Wheel Parts.
400/V7951,PRESSING - LH AXLE FOOT,Axle & Wheel Parts,/images/products/400-v7951-pressing-lh-axle-foot.webp,640x480,gemini_generated_representation,generated,Original factual representation for PRESSING - LH AXLE FOOT (Part No. 400/V7951) in Axle & Wheel Parts.
400/V7952,PRESSING - RH AXLE FOOT,Axle & Wheel Parts,/images/products/400-v7952-pressing-rh-axle-foot.webp,640x480,gemini_generated_representation,generated,Original factual representation for PRESSING - RH AXLE FOOT (Part No. 400/V7952) in Axle & Wheel Parts.
400/X9098,REAR AXLE TRACK ROD,Axle & Wheel Parts,/images/products/400-x9098-rear-axle-track-rod.webp,640x480,gemini_generated_representation,generated,Original factual representation for REAR AXLE TRACK ROD (Part No. 400/X9098) in Axle & Wheel Parts.
400/Y3715,FRONT AXLE MTG LH,Axle & Wheel Parts,/images/products/400-y3715-front-axle-mtg-lh.webp,640x480,gemini_generated_representation,generated,Original factual representation for FRONT AXLE MTG LH (Part No. 400/Y3715) in Axle & Wheel Parts.
400/Y3716,FRONT AXLE MTG RH,Axle & Wheel Parts,/images/products/400-y3716-front-axle-mtg-rh.webp,640x480,gemini_generated_representation,generated,Original factual representation for FRONT AXLE MTG RH (Part No. 400/Y3716) in Axle & Wheel Parts.
400/Y7106,AXLE OSCILLATION STOP,Axle & Wheel Parts,/images/products/400-y7106-axle-oscillation-stop.webp,640x480,gemini_generated_representation,generated,Original factual representation for AXLE OSCILLATION STOP (Part No. 400/Y7106) in Axle & Wheel Parts.
400/Y7948,457 FRONT AXLE -DIFF LOCK,Axle & Wheel Parts,/images/products/400-y7948-457-front-axle-diff-lock.webp,640x480,gemini_generated_representation,generated,Original factual representation for 457 FRONT AXLE -DIFF LOCK (Part No. 400/Y7948) in Axle & Wheel Parts.
400/Y9107,REAR AXLE YOKE M/C,Axle & Wheel Parts,/images/products/400-y9107-rear-axle-yoke-m-c.webp,640x480,gemini_generated_representation,generated,Original factual representation for REAR AXLE YOKE M/C (Part No. 400/Y9107) in Axle & Wheel Parts.
400/Z0646,"WHEEL STUD 3/4""UNFx60mm",Axle & Wheel Parts,/images/products/400-z0646-wheel-stud-3-4unfx60mm.webp,640x480,gemini_generated_representation,generated,"Original factual representation for WHEEL STUD 3/4""UNFx60mm (Part No. 400/Z0646) in Axle & Wheel Parts."
400/Z0718,"WHEEL STUD 3/4""UNFx70mm",Axle & Wheel Parts,/images/products/400-z0718-wheel-stud-3-4unfx70mm.webp,640x480,gemini_generated_representation,generated,"Original factual representation for WHEEL STUD 3/4""UNFx70mm (Part No. 400/Z0718) in Axle & Wheel Parts."
400/Z4493,467 F/AXLE ZF MT-L3105 MK (REAR Z4527),Axle & Wheel Parts,/images/products/400-z4493-467-f-axle-zf-mt-l3105-mk-rear-z4527.webp,640x480,gemini_generated_representation,generated,Original factual representation for 467 F/AXLE ZF MT-L3105 MK (REAR Z4527) (Part No. 400/Z4493) in Axle & Wheel Parts.
400/Z4527,467 R/AXLE F MT-L3105 MK2 (FRONT Z4493),Axle & Wheel Parts,/images/products/400-z4527-467-r-axle-f-mt-l3105-mk2-front-z4493.webp,640x480,gemini_generated_representation,generated,Original factual representation for 467 R/AXLE F MT-L3105 MK2 (FRONT Z4493) (Part No. 400/Z4527) in Axle & Wheel Parts.
400/Z4556,FRONT AXLE ZF MT-L3105 MK,Axle & Wheel Parts,/images/products/400-z4556-front-axle-zf-mt-l3105-mk.webp,640x480,gemini_generated_representation,generated,Original factual representation for FRONT AXLE ZF MT-L3105 MK (Part No. 400/Z4556) in Axle & Wheel Parts.
400/Z4597,REAR AXLE ZF MT-L3105 MK2,Axle & Wheel Parts,/images/products/400-z4597-rear-axle-zf-mt-l3105-mk2.webp,640x480,gemini_generated_representation,generated,Original factual representation for REAR AXLE ZF MT-L3105 MK2 (Part No. 400/Z4597) in Axle & Wheel Parts.
4000/4600-210,JCB Rear Axle Oil.,Axle & Wheel Parts,/images/products/4000-4600-210-jcb-rear-axle-oil.webp,640x480,gemini_generated_representation,generated,Original factual representation for JCB Rear Axle Oil. (Part No. 4000/4600-210) in Axle & Wheel Parts.
401/A1017,AXLE OSCILLATION STOP,Axle & Wheel Parts,/images/products/401-a1017-axle-oscillation-stop.webp,640x480,gemini_generated_representation,generated,Original factual representation for AXLE OSCILLATION STOP (Part No. 401/A1017) in Axle & Wheel Parts.
401/A5961,FRONT AXLE MT-L 3095 II -,Axle & Wheel Parts,/images/products/401-a5961-front-axle-mt-l-3095-ii.webp,640x480,gemini_generated_representation,generated,Original factual representation for FRONT AXLE MT-L 3095 II - (Part No. 401/A5961) in Axle & Wheel Parts.
401/A5967,REAR AXLE MT-L 3085 II -,Axle & Wheel Parts,/images/products/401-a5967-rear-axle-mt-l-3085-ii.webp,640x480,gemini_generated_representation,generated,Original factual representation for REAR AXLE MT-L 3085 II - (Part No. 401/A5967) in Axle & Wheel Parts.
401/E4396,GA FRONT AXLE -2WD AS SUPPLIED,Axle & Wheel Parts,/images/products/401-e4396-ga-front-axle-2wd-as-supplied.webp,640x480,gemini_generated_representation,generated,Original factual representation for GA FRONT AXLE -2WD AS SUPPLIED (Part No. 401/E4396) in Axle & Wheel Parts.
401/E8760,ABI WELDED AXLE - 2WD P79,Axle & Wheel Parts,/images/products/401-e8760-abi-welded-axle-2wd-p79.webp,640x480,gemini_generated_representation,generated,Original factual representation for ABI WELDED AXLE - 2WD P79 (Part No. 401/E8760) in Axle & Wheel Parts.
401/F2510,AXLE MOTOR A10VM63,Axle & Wheel Parts,/images/products/401-f2510-axle-motor-a10vm63.webp,640x480,gemini_generated_representation,generated,Original factual representation for AXLE MOTOR A10VM63 (Part No. 401/F2510) in Axle & Wheel Parts.
401/F9005,WA FRONT AXLE-PAINTED,Axle & Wheel Parts,/images/products/401-f9005-wa-front-axle-painted.webp,640x480,gemini_generated_representation,generated,Original factual representation for WA FRONT AXLE-PAINTED (Part No. 401/F9005) in Axle & Wheel Parts.
401/F9080,WAÃ‚Â FRONTÃ‚Â AXLE,Axle & Wheel Parts,/images/products/401-f9080-wa-front-axle.webp,640x480,gemini_generated_representation,generated,Original factual representation for WAÃ‚Â FRONTÃ‚Â AXLE (Part No. 401/F9080) in Axle & Wheel Parts.
401/H6670,GA REAR AXLE - 4WD SE MACHINE,Axle & Wheel Parts,/images/products/401-h6670-ga-rear-axle-4wd-se-machine.webp,640x480,gemini_generated_representation,generated,Original factual representation for GA REAR AXLE - 4WD SE MACHINE (Part No. 401/H6670) in Axle & Wheel Parts.
401/J4383,WHEEL NUT UNF,Axle & Wheel Parts,/images/products/401-j4383-wheel-nut-unf.webp,640x480,gemini_generated_representation,generated,Original factual representation for WHEEL NUT UNF (Part No. 401/J4383) in Axle & Wheel Parts.
401/M1022,Mount Pressing On Axle,Axle & Wheel Parts,/images/products/401-m1022-mount-pressing-on-axle.webp,640x480,gemini_generated_representation,generated,Original factual representation for Mount Pressing On Axle (Part No. 401/M1022) in Axle & Wheel Parts.
401/N3852,AXLE BAY SUPPORT PLATE,Axle & Wheel Parts,/images/products/401-n3852-axle-bay-support-plate.webp,640x480,gemini_generated_representation,generated,Original factual representation for AXLE BAY SUPPORT PLATE (Part No. 401/N3852) in Axle & Wheel Parts.
401/P2507,AXLE MOTOR A6VM55,Axle & Wheel Parts,/images/products/401-p2507-axle-motor-a6vm55.webp,640x480,gemini_generated_representation,generated,Original factual representation for AXLE MOTOR A6VM55 (Part No. 401/P2507) in Axle & Wheel Parts.
401/T5461,FRONT AXLE MTG LH-4T,Axle & Wheel Parts,/images/products/401-t5461-front-axle-mtg-lh-4t.webp,640x480,gemini_generated_representation,generated,Original factual representation for FRONT AXLE MTG LH-4T (Part No. 401/T5461) in Axle & Wheel Parts.
401/U5373,AXLE MOUNT PATCH PLATE,Axle & Wheel Parts,/images/products/401-u5373-axle-mount-patch-plate.webp,640x480,gemini_generated_representation,generated,Original factual representation for AXLE MOUNT PATCH PLATE (Part No. 401/U5373) in Axle & Wheel Parts.
401/V9529,COVER PLATE - TOP REAR AXLE,Axle & Wheel Parts,/images/products/401-v9529-cover-plate-top-rear-axle.webp,640x480,gemini_generated_representation,generated,Original factual representation for COVER PLATE - TOP REAR AXLE (Part No. 401/V9529) in Axle & Wheel Parts.
401/W8438,AXLE MOTOR A10VM63,Axle & Wheel Parts,/images/products/401-w8438-axle-motor-a10vm63.webp,640x480,gemini_generated_representation,generated,Original factual representation for AXLE MOTOR A10VM63 (Part No. 401/W8438) in Axle & Wheel Parts.
401/Y2407,Carrier Axle L/H,Axle & Wheel Parts,/images/products/401-y2407-carrier-axle-l-h.webp,640x480,gemini_generated_representation,generated,Original factual representation for Carrier Axle L/H (Part No. 401/Y2407) in Axle & Wheel Parts.
401/Y2409,Carrier Axle R/H,Axle & Wheel Parts,/images/products/401-y2409-carrier-axle-r-h.webp,640x480,gemini_generated_representation,generated,Original factual representation for Carrier Axle R/H (Part No. 401/Y2409) in Axle & Wheel Parts.
401/Y6078,STUB AXLE,Axle & Wheel Parts,/images/products/401-y6078-stub-axle.webp,640x480,gemini_generated_representation,generated,Original factual representation for STUB AXLE (Part No. 401/Y6078) in Axle & Wheel Parts.
401/Z2326,ABI WELDED AXLE-2WD,Axle & Wheel Parts,/images/products/401-z2326-abi-welded-axle-2wd.webp,640x480,gemini_generated_representation,generated,Original factual representation for ABI WELDED AXLE-2WD (Part No. 401/Z2326) in Axle & Wheel Parts.
402/J0034,AXLE MOTOR,Axle & Wheel Parts,/images/products/402-j0034-axle-motor.webp,640x480,gemini_generated_representation,generated,Original factual representation for AXLE MOTOR (Part No. 402/J0034) in Axle & Wheel Parts.
402/K5701,Assembly Axle Front Oscillating,Axle & Wheel Parts,/images/products/402-k5701-assembly-axle-front-oscillating.webp,640x480,gemini_generated_representation,generated,Original factual representation for Assembly Axle Front Oscillating (Part No. 402/K5701) in Axle & Wheel Parts.
402/L5089,AXLE MOUNTING PLATE,Axle & Wheel Parts,/images/products/402-l5089-axle-mounting-plate.webp,640x480,gemini_generated_representation,generated,Original factual representation for AXLE MOUNTING PLATE (Part No. 402/L5089) in Axle & Wheel Parts.
402/L5864,AXLE FLANGE VM138 M/C,Axle & Wheel Parts,/images/products/402-l5864-axle-flange-vm138-m-c.webp,640x480,gemini_generated_representation,generated,Original factual representation for AXLE FLANGE VM138 M/C (Part No. 402/L5864) in Axle & Wheel Parts.
402/P7171,M/C FRONT AXLE AJ45EH,Axle & Wheel Parts,/images/products/402-p7171-m-c-front-axle-aj45eh.webp,640x480,gemini_generated_representation,generated,Original factual representation for M/C FRONT AXLE AJ45EH (Part No. 402/P7171) in Axle & Wheel Parts.
402/R5059,COVER PLATE- REAR AXLE SI,Axle & Wheel Parts,/images/products/402-r5059-cover-plate-rear-axle-si.webp,640x480,gemini_generated_representation,generated,Original factual representation for COVER PLATE- REAR AXLE SI (Part No. 402/R5059) in Axle & Wheel Parts.
402/R5063,COVER PLATE- REAR AXLE TO,Axle & Wheel Parts,/images/products/402-r5063-cover-plate-rear-axle-to.webp,640x480,gemini_generated_representation,generated,Original factual representation for COVER PLATE- REAR AXLE TO (Part No. 402/R5063) in Axle & Wheel Parts.
402/R5616,U/PAINTED FRONT AXLE,Axle & Wheel Parts,/images/products/402-r5616-u-painted-front-axle.webp,640x480,gemini_generated_representation,generated,Original factual representation for U/PAINTED FRONT AXLE (Part No. 402/R5616) in Axle & Wheel Parts.
402/W6247,WA Locking Pin,Axle & Wheel Parts,/images/products/402-w6247-wa-locking-pin.webp,640x480,gemini_generated_representation,generated,Original factual representation for WA Locking Pin (Part No. 402/W6247) in Axle & Wheel Parts.
402/X7092,FRONT AXLE,Axle & Wheel Parts,/images/products/402-x7092-front-axle.webp,640x480,gemini_generated_representation,generated,Original factual representation for FRONT AXLE (Part No. 402/X7092) in Axle & Wheel Parts.
402/Y2702,REAR AXLE MT-L 3085 II -,Axle & Wheel Parts,/images/products/402-y2702-rear-axle-mt-l-3085-ii.webp,640x480,gemini_generated_representation,generated,Original factual representation for REAR AXLE MT-L 3085 II - (Part No. 402/Y2702) in Axle & Wheel Parts.
402/Y2705,FRONT AXLE MT-L 3095 II - 455ZX,Axle & Wheel Parts,/images/products/402-y2705-front-axle-mt-l-3095-ii-455zx.webp,640x480,gemini_generated_representation,generated,Original factual representation for FRONT AXLE MT-L 3095 II - 455ZX (Part No. 402/Y2705) in Axle & Wheel Parts.
403/A8840,PLATE AXLE MTG DOUBLER,Axle & Wheel Parts,/images/products/403-a8840-plate-axle-mtg-doubler.webp,640x480,gemini_generated_representation,generated,Original factual representation for PLATE AXLE MTG DOUBLER (Part No. 403/A8840) in Axle & Wheel Parts.
403/B2675,M.C. REAR AXLE FRAME P981,Axle & Wheel Parts,/images/products/403-b2675-mc-rear-axle-frame-p981.webp,640x480,gemini_generated_representation,generated,Original factual representation for M.C. REAR AXLE FRAME P981 (Part No. 403/B2675) in Axle & Wheel Parts.
403/E3140,LOCKING PIN 332,Axle & Wheel Parts,/images/products/403-e3140-locking-pin-332.webp,640x480,gemini_generated_representation,generated,Original factual representation for LOCKING PIN 332 (Part No. 403/E3140) in Axle & Wheel Parts.
403/H4419,WA AXLE BAY LOWER PANEL 1,Axle & Wheel Parts,/images/products/403-h4419-wa-axle-bay-lower-panel-1.webp,640x480,gemini_generated_representation,generated,Original factual representation for WA AXLE BAY LOWER PANEL 1 (Part No. 403/H4419) in Axle & Wheel Parts.
403/J4250,WA LOCKING PIN ASSEMBLY,Axle & Wheel Parts,/images/products/403-j4250-wa-locking-pin-assembly.webp,640x480,gemini_generated_representation,generated,Original factual representation for WA LOCKING PIN ASSEMBLY (Part No. 403/J4250) in Axle & Wheel Parts.
403/K9931,Rear Axle PR10 24.1 Ratio,Axle & Wheel Parts,/images/products/403-k9931-rear-axle-pr10-241-ratio.webp,640x480,gemini_generated_representation,generated,Original factual representation for Rear Axle PR10 24.1 Ratio (Part No. 403/K9931) in Axle & Wheel Parts.
403/P8134,AXLE BAY CLOSING PLATE,Axle & Wheel Parts,/images/products/403-p8134-axle-bay-closing-plate.webp,640x480,gemini_generated_representation,generated,Original factual representation for AXLE BAY CLOSING PLATE (Part No. 403/P8134) in Axle & Wheel Parts.
403/S5793,AXLE OSCILLATION CYLINDER,Axle & Wheel Parts,/images/products/403-s5793-axle-oscillation-cylinder.webp,640x480,gemini_generated_representation,generated,Original factual representation for AXLE OSCILLATION CYLINDER (Part No. 403/S5793) in Axle & Wheel Parts.
403/X7697,RAM - FRONT AXLE OSCILLAT,Axle & Wheel Parts,/images/products/403-x7697-ram-front-axle-oscillat.webp,640x480,gemini_generated_representation,generated,Original factual representation for RAM - FRONT AXLE OSCILLAT (Part No. 403/X7697) in Axle & Wheel Parts.
404/B5781,FRONT AXLE MT-L 3055,Axle & Wheel Parts,/images/products/404-b5781-front-axle-mt-l-3055.webp,640x480,gemini_generated_representation,generated,Original factual representation for FRONT AXLE MT-L 3055 (Part No. 404/B5781) in Axle & Wheel Parts.
404/C0069,WA AXLE BRKT,Axle & Wheel Parts,/images/products/404-c0069-wa-axle-brkt.webp,640x480,gemini_generated_representation,generated,Original factual representation for WA AXLE BRKT (Part No. 404/C0069) in Axle & Wheel Parts.
404/D3417,FRONT AXLE-4WD ABI,Axle & Wheel Parts,/images/products/404-d3417-front-axle-4wd-abi.webp,640x480,gemini_generated_representation,generated,Original factual representation for FRONT AXLE-4WD ABI (Part No. 404/D3417) in Axle & Wheel Parts.
404/E1448,WA AXLE STOPPER PLATE,Axle & Wheel Parts,/images/products/404-e1448-wa-axle-stopper-plate.webp,640x480,gemini_generated_representation,generated,Original factual representation for WA AXLE STOPPER PLATE (Part No. 404/E1448) in Axle & Wheel Parts.
404/E4582,WA RAIL AXLE,Axle & Wheel Parts,/images/products/404-e4582-wa-rail-axle.webp,640x480,gemini_generated_representation,generated,Original factual representation for WA RAIL AXLE (Part No. 404/E4582) in Axle & Wheel Parts.
404/F9456,GA REAR AXLE -40kph 5 BOL,Axle & Wheel Parts,/images/products/404-f9456-ga-rear-axle-40kph-5-bol.webp,640x480,gemini_generated_representation,generated,Original factual representation for GA REAR AXLE -40kph 5 BOL (Part No. 404/F9456) in Axle & Wheel Parts.
404/G0474,"WHEEL NUT 5/8""-18 UNF",Axle & Wheel Parts,/images/products/404-g0474-wheel-nut-5-8-18-unf.webp,640x480,gemini_generated_representation,generated,"Original factual representation for WHEEL NUT 5/8""-18 UNF (Part No. 404/G0474) in Axle & Wheel Parts."
438/00003,WHEELSTUD,Axle & Wheel Parts,/images/products/438-00003-wheelstud.webp,640x480,gemini_generated_representation,generated,Original factual representation for WHEELSTUD (Part No. 438/00003) in Axle & Wheel Parts.
438/L0002,GA SD55 PIV OT MOUNT AXLE,Axle & Wheel Parts,/images/products/438-l0002-ga-sd55-piv-ot-mount-axle.webp,640x480,gemini_generated_representation,generated,Original factual representation for GA SD55 PIV OT MOUNT AXLE (Part No. 438/L0002) in Axle & Wheel Parts.
443/E0051,AXLE Z,Axle & Wheel Parts,/images/products/443-e0051-axle-z.webp,640x480,gemini_generated_representation,generated,Original factual representation for AXLE Z (Part No. 443/E0051) in Axle & Wheel Parts.
443/E0052,AXLE Z,Axle & Wheel Parts,/images/products/443-e0052-axle-z.webp,640x480,gemini_generated_representation,generated,Original factual representation for AXLE Z (Part No. 443/E0052) in Axle & Wheel Parts.
443/E0113,AXLE Z,Axle & Wheel Parts,/images/products/443-e0113-axle-z.webp,640x480,gemini_generated_representation,generated,Original factual representation for AXLE Z (Part No. 443/E0113) in Axle & Wheel Parts.
443/E0281,AXLE Z,Axle & Wheel Parts,/images/products/443-e0281-axle-z.webp,640x480,gemini_generated_representation,generated,Original factual representation for AXLE Z (Part No. 443/E0281) in Axle & Wheel Parts.
443/E2210,RAM - FRONT AXLE OSCILLATION,Axle & Wheel Parts,/images/products/443-e2210-ram-front-axle-oscillation.webp,640x480,gemini_generated_representation,generated,Original factual representation for RAM - FRONT AXLE OSCILLATION (Part No. 443/E2210) in Axle & Wheel Parts.
445/10703,COUPLINGYOKE,Axle & Wheel Parts,/images/products/445-10703-couplingyoke.webp,640x480,enhanced_rre_pdf,verified,Verified RRE PDF source crop enhanced on studio plate
448/03902,TURNNION,Axle & Wheel Parts,/images/products/448-03902-turnnion.webp,640x480,enhanced_rre_pdf,verified,Verified RRE PDF source crop enhanced on studio plate
448/05407,PINION - DIFFERENTIAL,Axle & Wheel Parts,/images/products/448-05407-pinion-differential.webp,640x480,gemini_generated_representation,generated,Original factual representation for PINION - DIFFERENTIAL (Part No. 448/05407) in Axle & Wheel Parts.
448/42210,DIFFERENTIAL ASSY,Axle & Wheel Parts,/images/products/448-42210-differential-assy.webp,640x480,enhanced_rre_pdf,verified,Verified RRE PDF source crop enhanced on studio plate
448/42400,GA SD55 PIVOT MOUNT AXLE,Axle & Wheel Parts,/images/products/448-42400-ga-sd55-pivot-mount-axle.webp,640x480,gemini_generated_representation,generated,Original factual representation for GA SD55 PIVOT MOUNT AXLE (Part No. 448/42400) in Axle & Wheel Parts.
448/56670,DIFFERENTIALASSY.,Axle & Wheel Parts,/images/products/448-56670-differentialassy.webp,640x480,gemini_generated_representation,generated,Original factual representation for DIFFERENTIALASSY. (Part No. 448/56670) in Axle & Wheel Parts.
448/M9406,GA SD55 PIN MT AXLE,Axle & Wheel Parts,/images/products/448-m9406-ga-sd55-pin-mt-axle.webp,640x480,gemini_generated_representation,generated,Original factual representation for GA SD55 PIN MT AXLE (Part No. 448/M9406) in Axle & Wheel Parts.
450/10900,DIFFERENTIAL ASSEMBLY,Axle & Wheel Parts,/images/products/450-10900-differential-assembly.webp,640x480,gemini_generated_representation,generated,Original factual representation for DIFFERENTIAL ASSEMBLY (Part No. 450/10900) in Axle & Wheel Parts.
450/12703,RING DOWEL,Axle & Wheel Parts,/images/products/450-12703-ring-dowel.webp,640x480,enhanced_rre_pdf,verified,Verified RRE PDF source crop enhanced on studio plate
450/20401,PLATEPRESSURE,Axle & Wheel Parts,/images/products/450-20401-platepressure.webp,640x480,enhanced_rre_pdf,verified,Verified RRE PDF source crop enhanced on studio plate
450/20402,PLATEFRICTION,Axle & Wheel Parts,/images/products/450-20402-platefriction.webp,640x480,enhanced_rre_pdf,verified,Verified RRE PDF source crop enhanced on studio plate
450/20403,PLATECOUNTER,Axle & Wheel Parts,/images/products/450-20403-platecounter.webp,640x480,enhanced_rre_pdf,verified,Verified RRE PDF source crop enhanced on studio plate
450/20600,ASSY.DIFF. -PINION/GEAR,Axle & Wheel Parts,/images/products/450-20600-assydiff-pinion-gear.webp,640x480,enhanced_rre_pdf,verified,Verified RRE PDF source crop enhanced on studio plate
450/24431,WHEEL STUD,Axle & Wheel Parts,/images/products/450-24431-wheel-stud.webp,640x480,gemini_generated_representation,generated,Original factual representation for WHEEL STUD (Part No. 450/24431) in Axle & Wheel Parts.
450/26200,G.A. DIFFERENTIAL LSD',Axle & Wheel Parts,/images/products/450-26200-ga-differential-lsd.webp,640x480,enhanced_rre_pdf,verified,Verified RRE PDF source crop enhanced on studio plate
450/26310,GA DIFFERENTIAL,Axle & Wheel Parts,/images/products/450-26310-ga-differential.webp,640x480,gemini_generated_representation,generated,Original factual representation for GA DIFFERENTIAL (Part No. 450/26310) in Axle & Wheel Parts.
450/28500,G.A. DIFFERENTIAL,Axle & Wheel Parts,/images/products/450-28500-ga-differential.webp,640x480,gemini_generated_representation,generated,Original factual representation for G.A. DIFFERENTIAL (Part No. 450/28500) in Axle & Wheel Parts.
450/M5579,GA PD70 AXLE -INDIA VIBROMAX,Axle & Wheel Parts,/images/products/450-m5579-ga-pd70-axle-india-vibromax.webp,640x480,gemini_generated_representation,generated,Original factual representation for GA PD70 AXLE -INDIA VIBROMAX (Part No. 450/M5579) in Axle & Wheel Parts.
450/M7990,Axle # VM132D,Axle & Wheel Parts,/images/products/450-m7990-axle-vm132d.webp,640x480,gemini_generated_representation,generated,Original factual representation for Axle # VM132D (Part No. 450/M7990) in Axle & Wheel Parts.
450/M8132,GA PD70 PAD MT AXLE,Axle & Wheel Parts,/images/products/450-m8132-ga-pd70-pad-mt-axle.webp,640x480,gemini_generated_representation,generated,Original factual representation for GA PD70 PAD MT AXLE (Part No. 450/M8132) in Axle & Wheel Parts.
453/00301,OLD TYPE STD. M.M. AXLE ARMS,Axle & Wheel Parts,/images/products/453-00301-old-type-std-mm-axle-arms.webp,640x480,gemini_generated_representation,generated,Original factual representation for OLD TYPE STD. M.M. AXLE ARMS (Part No. 453/00301) in Axle & Wheel Parts.
453/30610,GA SD80 PIVOT MT AXLE,Axle & Wheel Parts,/images/products/453-30610-ga-sd80-pivot-mt-axle.webp,640x480,gemini_generated_representation,generated,Original factual representation for GA SD80 PIVOT MT AXLE (Part No. 453/30610) in Axle & Wheel Parts.
453/35110,Axle AssyTrunnion Mntd,Axle & Wheel Parts,/images/products/453-35110-axle-assytrunnion-mntd.webp,640x480,gemini_generated_representation,generated,Original factual representation for Axle AssyTrunnion Mntd (Part No. 453/35110) in Axle & Wheel Parts.
453/35150,Axle SD80 Trunnion Assembly 18.16:1 NORM,Axle & Wheel Parts,/images/products/453-35150-axle-sd80-trunnion-assembly-18161-norm.webp,640x480,gemini_generated_representation,generated,Original factual representation for Axle SD80 Trunnion Assembly 18.16:1 NORM (Part No. 453/35150) in Axle & Wheel Parts.
453/M0809,GA SD70 PAD MT AXLE,Axle & Wheel Parts,/images/products/453-m0809-ga-sd70-pad-mt-axle.webp,640x480,gemini_generated_representation,generated,Original factual representation for GA SD70 PAD MT AXLE (Part No. 453/M0809) in Axle & Wheel Parts.
453/M7163,GA SD80 PIVOT MT AXLE,Axle & Wheel Parts,/images/products/453-m7163-ga-sd80-pivot-mt-axle.webp,640x480,gemini_generated_representation,generated,Original factual representation for GA SD80 PIVOT MT AXLE (Part No. 453/M7163) in Axle & Wheel Parts.
453/M9358,GA SD80 PIVOT MT AXLE',Axle & Wheel Parts,/images/products/453-m9358-ga-sd80-pivot-mt-axle.webp,640x480,gemini_generated_representation,generated,Original factual representation for GA SD80 PIVOT MT AXLE' (Part No. 453/M9358) in Axle & Wheel Parts.
453/M9374,GA SD80 AXLE PRB 4CX,Axle & Wheel Parts,/images/products/453-m9374-ga-sd80-axle-prb-4cx.webp,640x480,gemini_generated_representation,generated,Original factual representation for GA SD80 AXLE PRB 4CX (Part No. 453/M9374) in Axle & Wheel Parts.
454/07401,SunGear,Axle & Wheel Parts,/images/products/454-07401-sungear.webp,640x480,enhanced_rre_pdf,verified,Verified RRE PDF source crop enhanced on studio plate
458/20564,AXLE ARM - MACHINED,Axle & Wheel Parts,/images/products/458-20564-axle-arm-machined.webp,640x480,gemini_generated_representation,generated,Original factual representation for AXLE ARM - MACHINED (Part No. 458/20564) in Axle & Wheel Parts.
458/20618,AXLE ARM,Axle & Wheel Parts,/images/products/458-20618-axle-arm.webp,640x480,gemini_generated_representation,generated,Original factual representation for AXLE ARM (Part No. 458/20618) in Axle & Wheel Parts.
458/20892,Arm Axle - Machined 4 bolt fixing,Axle & Wheel Parts,/images/products/458-20892-arm-axle-machined-4-bolt-fixing.webp,640x480,gemini_generated_representation,generated,Original factual representation for Arm Axle - Machined 4 bolt fixing (Part No. 458/20892) in Axle & Wheel Parts.
458/20895,Arm Axle - Machined 4 bolt fixing,Axle & Wheel Parts,/images/products/458-20895-arm-axle-machined-4-bolt-fixing.webp,640x480,gemini_generated_representation,generated,Original factual representation for Arm Axle - Machined 4 bolt fixing (Part No. 458/20895) in Axle & Wheel Parts.
458/F5188,GADIFFERENTIALNO-SPIN',Axle & Wheel Parts,/images/products/458-f5188-gadifferentialno-spin.webp,640x480,gemini_generated_representation,generated,Original factual representation for GADIFFERENTIALNO-SPIN' (Part No. 458/F5188) in Axle & Wheel Parts.
458/M0190,GADIFFERENTIAL,Axle & Wheel Parts,/images/products/458-m0190-gadifferential.webp,640x480,gemini_generated_representation,generated,Original factual representation for GADIFFERENTIAL (Part No. 458/M0190) in Axle & Wheel Parts.
458/M1498,AXLE ARM - MACHINING P54 1 DIMPLE TOP,Axle & Wheel Parts,/images/products/458-m1498-axle-arm-machining-p54-1-dimple-top.webp,640x480,gemini_generated_representation,generated,Original factual representation for AXLE ARM - MACHINING P54 1 DIMPLE TOP (Part No. 458/M1498) in Axle & Wheel Parts.
458/M1730,G.A.DIFFERENTIAL',Axle & Wheel Parts,/images/products/458-m1730-gadifferential.webp,640x480,gemini_generated_representation,generated,Original factual representation for G.A.DIFFERENTIAL' (Part No. 458/M1730) in Axle & Wheel Parts.
458/M2842,DIFF CASING NO GEARS,Axle & Wheel Parts,/images/products/458-m2842-diff-casing-no-gears.webp,640x480,enhanced_rre_pdf,verified,Verified RRE PDF source crop enhanced on studio plate
458/M3447,Arm axle,Axle & Wheel Parts,/images/products/458-m3447-arm-axle.webp,640x480,gemini_generated_representation,generated,Original factual representation for Arm axle (Part No. 458/M3447) in Axle & Wheel Parts.
458/M6767,Axle Arm Machined,Axle & Wheel Parts,/images/products/458-m6767-axle-arm-machined.webp,640x480,gemini_generated_representation,generated,Original factual representation for Axle Arm Machined (Part No. 458/M6767) in Axle & Wheel Parts.
458/M9360,GA AXLE ARM & WHEEL HUB,Axle & Wheel Parts,/images/products/458-m9360-ga-axle-arm-wheel-hub.webp,640x480,gemini_generated_representation,generated,Original factual representation for GA AXLE ARM & WHEEL HUB (Part No. 458/M9360) in Axle & Wheel Parts.
458/M9361,GA AXLE ARM & WHEEL HUB,Axle & Wheel Parts,/images/products/458-m9361-ga-axle-arm-wheel-hub.webp,640x480,gemini_generated_representation,generated,Original factual representation for GA AXLE ARM & WHEEL HUB (Part No. 458/M9361) in Axle & Wheel Parts.
458/W4742,GA C/WHEEL & PINION 13/38,Axle & Wheel Parts,/images/products/458-w4742-ga-c-wheel-pinion-13-38.webp,640x480,enhanced_rre_pdf,verified,Verified RRE PDF source crop enhanced on studio plate
459/70138,YOKE - OUTPUT - 1550,Axle & Wheel Parts,/images/products/459-70138-yoke-output-1550.webp,640x480,enhanced_rre_pdf,verified,Verified RRE PDF source crop enhanced on studio plate
459/70317,COUPLING  YOKE (P92),Axle & Wheel Parts,/images/products/459-70317-coupling-yoke-p92.webp,640x480,enhanced_rre_pdf,verified,Verified RRE PDF source crop enhanced on studio plate
550/30799,AXLE,Axle & Wheel Parts,/images/products/550-30799-axle.webp,640x480,gemini_generated_representation,generated,Original factual representation for AXLE (Part No. 550/30799) in Axle & Wheel Parts.
550/30842,AXLE,Axle & Wheel Parts,/images/products/550-30842-axle.webp,640x480,gemini_generated_representation,generated,Original factual representation for AXLE (Part No. 550/30842) in Axle & Wheel Parts.
550/30999,AXLE,Axle & Wheel Parts,/images/products/550-30999-axle.webp,640x480,gemini_generated_representation,generated,Original factual representation for AXLE (Part No. 550/30999) in Axle & Wheel Parts.
550/40112,WHEEL NUT,Axle & Wheel Parts,/images/products/550-40112-wheel-nut.webp,640x480,gemini_generated_representation,generated,Original factual representation for WHEEL NUT (Part No. 550/40112) in Axle & Wheel Parts.
550/41265,AXLE CASNG,Axle & Wheel Parts,/images/products/550-41265-axle-casng.webp,640x480,gemini_generated_representation,generated,Original factual representation for AXLE CASNG (Part No. 550/41265) in Axle & Wheel Parts.
550/41279,LIMITSLIPDIFFERENTIAL,Axle & Wheel Parts,/images/products/550-41279-limitslipdifferential.webp,640x480,gemini_generated_representation,generated,Original factual representation for LIMITSLIPDIFFERENTIAL (Part No. 550/41279) in Axle & Wheel Parts.
550/41280,DIFFERENTIALHOUSING,Axle & Wheel Parts,/images/products/550-41280-differentialhousing.webp,640x480,gemini_generated_representation,generated,Original factual representation for DIFFERENTIALHOUSING (Part No. 550/41280) in Axle & Wheel Parts.
550/42701,KING PIN KIT,Axle & Wheel Parts,/images/products/550-42701-king-pin-kit.webp,640x480,gemini_generated_representation,generated,Original factual representation for KING PIN KIT (Part No. 550/42701) in Axle & Wheel Parts.
550/42703,FRONT AXLE TO CHASIS PIN KIT,Axle & Wheel Parts,/images/products/550-42703-front-axle-to-chasis-pin-kit.webp,640x480,gemini_generated_representation,generated,Original factual representation for FRONT AXLE TO CHASIS PIN KIT (Part No. 550/42703) in Axle & Wheel Parts.
550/43087,Complete Differential Support #432ZX-V2,Axle & Wheel Parts,/images/products/550-43087-complete-differential-support-432zx-v2.webp,640x480,gemini_generated_representation,generated,Original factual representation for Complete Differential Support #432ZX-V2 (Part No. 550/43087) in Axle & Wheel Parts.
550/43088,DIFFERENTIALUNIT,Axle & Wheel Parts,/images/products/550-43088-differentialunit.webp,640x480,gemini_generated_representation,generated,Original factual representation for DIFFERENTIALUNIT (Part No. 550/43088) in Axle & Wheel Parts.
557/60325,GA RAM 90x50 AXLE LOCK,Axle & Wheel Parts,/images/products/557-60325-ga-ram-90x50-axle-lock.webp,640x480,gemini_generated_representation,generated,Original factual representation for GA RAM 90x50 AXLE LOCK (Part No. 557/60325) in Axle & Wheel Parts.
595/10027,PISTONHEAD,Axle & Wheel Parts,/images/products/595-10027-pistonhead.webp,640x480,enhanced_rre_pdf,verified,Verified RRE PDF source crop enhanced on studio plate
595/10040,P/HEAD 595/10057P,Axle & Wheel Parts,/images/products/595-10040-p-head-595-10057p.webp,640x480,gemini_generated_representation,generated,Original factual representation for P/HEAD 595/10057P (Part No. 595/10040) in Axle & Wheel Parts.
595/10057,HEADPISTON,Axle & Wheel Parts,/images/products/595-10057-headpiston.webp,640x480,enhanced_rre_pdf,verified,Verified RRE PDF source crop enhanced on studio plate
595/10061,P/HEAD 90*60 (595/10037P),Axle & Wheel Parts,/images/products/595-10061-p-head-9060-595-10037p.webp,640x480,enhanced_rre_pdf,verified,Verified RRE PDF source crop enhanced on studio plate
696/02038,G.A. FRONT AXLE INSTN.,Axle & Wheel Parts,/images/products/696-02038-ga-front-axle-instn.webp,640x480,gemini_generated_representation,generated,Original factual representation for G.A. FRONT AXLE INSTN. (Part No. 696/02038) in Axle & Wheel Parts.
716/E2767,AXLE TRANSDUCER-M12,Axle & Wheel Parts,/images/products/716-e2767-axle-transducer-m12.webp,640x480,gemini_generated_representation,generated,Original factual representation for AXLE TRANSDUCER-M12 (Part No. 716/E2767) in Axle & Wheel Parts.
716/G1153,AXLE TRANSDUCER-M10,Axle & Wheel Parts,/images/products/716-g1153-axle-transducer-m10.webp,640x480,gemini_generated_representation,generated,Original factual representation for AXLE TRANSDUCER-M10 (Part No. 716/G1153) in Axle & Wheel Parts.
716/H9256,AXLE TRANSDUCER-M12,Axle & Wheel Parts,/images/products/716-h9256-axle-transducer-m12.webp,640x480,gemini_generated_representation,generated,Original factual representation for AXLE TRANSDUCER-M12 (Part No. 716/H9256) in Axle & Wheel Parts.
7222/30401,SEALINGKIT-AXLE,Axle & Wheel Parts,/images/products/7222-30401-sealingkit-axle.webp,640x480,gemini_generated_representation,generated,Original factual representation for SEALINGKIT-AXLE (Part No. 7222/30401) in Axle & Wheel Parts.
7232/30186,WHEELSTUD,Axle & Wheel Parts,/images/products/7232-30186-wheelstud.webp,640x480,gemini_generated_representation,generated,Original factual representation for WHEELSTUD (Part No. 7232/30186) in Axle & Wheel Parts.
7232/30187,wheelNut,Axle & Wheel Parts,/images/products/7232-30187-wheelnut.webp,640x480,gemini_generated_representation,generated,Original factual representation for wheelNut (Part No. 7232/30187) in Axle & Wheel Parts.
7242/12600,WA CHASSIS JCB-Axle T3,Axle & Wheel Parts,/images/products/7242-12600-wa-chassis-jcb-axle-t3.webp,640x480,gemini_generated_representation,generated,Original factual representation for WA CHASSIS JCB-Axle T3 (Part No. 7242/12600) in Axle & Wheel Parts.
7261/30300,Axle MOTOR 51V160     # Selke,Axle & Wheel Parts,/images/products/7261-30300-axle-motor-51v160-selke.webp,640x480,gemini_generated_representation,generated,Original factual representation for Axle MOTOR 51V160     # Selke (Part No. 7261/30300) in Axle & Wheel Parts.
808/00210,SPHERICAL WASHER,Axle & Wheel Parts,/images/products/808-00210-spherical-washer.webp,640x480,gemini_generated_representation,generated,Original factual representation for SPHERICAL WASHER (Part No. 808/00210) in Axle & Wheel Parts.
816/13391,LOOSE WHEEL NUT INDICATOR,Axle & Wheel Parts,/images/products/816-13391-loose-wheel-nut-indicator.webp,640x480,gemini_generated_representation,generated,Original factual representation for LOOSE WHEEL NUT INDICATOR (Part No. 816/13391) in Axle & Wheel Parts.
821/00210,CIRCLIP - INTERNAL,Axle & Wheel Parts,/images/products/821-00210-circlip-internal.webp,640x480,gemini_generated_representation,generated,Original factual representation for CIRCLIP - INTERNAL (Part No. 821/00210) in Axle & Wheel Parts.
821/00216,CIRCLIP,Axle & Wheel Parts,/images/products/821-00216-circlip.webp,640x480,enhanced_rre_pdf,verified,Verified RRE PDF source crop enhanced on studio plate
821/00494,EXTERNAL CIRCLIP,Axle & Wheel Parts,/images/products/821-00494-external-circlip.webp,640x480,enhanced_rre_pdf,verified,Verified RRE PDF source crop enhanced on studio plate
825/99930,Socket wheel nut 32mm A/F,Axle & Wheel Parts,/images/products/825-99930-socket-wheel-nut-32mm-a-f.webp,640x480,gemini_generated_representation,generated,Original factual representation for Socket wheel nut 32mm A/F (Part No. 825/99930) in Axle & Wheel Parts.
826/00923,Wheelstud,Axle & Wheel Parts,/images/products/826-00923-wheelstud.webp,640x480,gemini_generated_representation,generated,Original factual representation for Wheelstud (Part No. 826/00923) in Axle & Wheel Parts.
826/01080,BOLT - VERBUS RIPP,Axle & Wheel Parts,/images/products/826-01080-bolt-verbus-ripp.webp,640x480,enhanced_rre_pdf,verified,Verified RRE PDF source crop enhanced on studio plate
826/01434,VERBUSRIPPTYPE,Axle & Wheel Parts,/images/products/826-01434-verbusripptype.webp,640x480,enhanced_rre_pdf,verified,Verified RRE PDF source crop enhanced on studio plate
826/01472,BOLT',Axle & Wheel Parts,/images/products/826-01472-bolt.webp,640x480,enhanced_rre_pdf,verified,Verified RRE PDF source crop enhanced on studio plate
826/01483,STACK NUT,Axle & Wheel Parts,/images/products/826-01483-stack-nut.webp,640x480,enhanced_rre_pdf,verified,Verified RRE PDF source crop enhanced on studio plate
826/01551,STACK NUT,Axle & Wheel Parts,/images/products/826-01551-stack-nut.webp,640x480,enhanced_rre_pdf,verified,Verified RRE PDF source crop enhanced on studio plate
826/01712,BOLT,Axle & Wheel Parts,/images/products/826-01712-bolt.webp,640x480,enhanced_rre_pdf,verified,Verified RRE PDF source crop enhanced on studio plate
826/01714,NUT,Axle & Wheel Parts,/images/products/826-01714-nut.webp,640x480,enhanced_rre_pdf,verified,Verified RRE PDF source crop enhanced on studio plate
826/01744,NUT STAKE -M30 x 2,Axle & Wheel Parts,/images/products/826-01744-nut-stake-m30-x-2.webp,640x480,enhanced_rre_pdf,verified,Verified RRE PDF source crop enhanced on studio plate
826/10528,SETSCREW,Axle & Wheel Parts,/images/products/826-10528-setscrew.webp,640x480,enhanced_rre_pdf,verified,Verified RRE PDF source crop enhanced on studio plate
826/10575,WHEEL STUD M14 X 1.5,Axle & Wheel Parts,/images/products/826-10575-wheel-stud-m14-x-15.webp,640x480,gemini_generated_representation,generated,Original factual representation for WHEEL STUD M14 X 1.5 (Part No. 826/10575) in Axle & Wheel Parts.
826/11355,WHEEL NUT; M22X1.5,Axle & Wheel Parts,/images/products/826-11355-wheel-nut-m22x15.webp,640x480,gemini_generated_representation,generated,Original factual representation for WHEEL NUT; M22X1.5 (Part No. 826/11355) in Axle & Wheel Parts.
826/M7635,STAKENUTM30X2,Axle & Wheel Parts,/images/products/826-m7635-stakenutm30x2.webp,640x480,enhanced_rre_pdf,verified,Verified RRE PDF source crop enhanced on studio plate
892/R1198,Kit Rear Kingpin service tool,Axle & Wheel Parts,/images/products/892-r1198-kit-rear-kingpin-service-tool.webp,640x480,gemini_generated_representation,generated,Original factual representation for Kit Rear Kingpin service tool (Part No. 892/R1198) in Axle & Wheel Parts.
904/06201,WEAR  SLEEVE,Axle & Wheel Parts,/images/products/904-06201-wear-sleeve.webp,640x480,enhanced_rre_pdf,verified,Verified RRE PDF source crop enhanced on studio plate
911/26100,ATTACHMENT LOCKING PIN WA,Axle & Wheel Parts,/images/products/911-26100-attachment-locking-pin-wa.webp,640x480,gemini_generated_representation,generated,Original factual representation for ATTACHMENT LOCKING PIN WA (Part No. 911/26100) in Axle & Wheel Parts.
911/40068,LOCKING PIN W.A.,Axle & Wheel Parts,/images/products/911-40068-locking-pin-wa.webp,640x480,gemini_generated_representation,generated,Original factual representation for LOCKING PIN W.A. (Part No. 911/40068) in Axle & Wheel Parts.
911/40092,WALOCKINGPIN,Axle & Wheel Parts,/images/products/911-40092-walockingpin.webp,640x480,gemini_generated_representation,generated,Original factual representation for WALOCKINGPIN (Part No. 911/40092) in Axle & Wheel Parts.
913/01102,CLEVIS CLIP 8MM,Axle & Wheel Parts,/images/products/913-01102-clevis-clip-8mm.webp,640x480,enhanced_rre_pdf,verified,Verified RRE PDF source crop enhanced on studio plate
914/49100,PROPSHAFT(P92),Axle & Wheel Parts,/images/products/914-49100-propshaft-p92.webp,640x480,enhanced_rre_pdf,verified,Verified RRE PDF source crop enhanced on studio plate
914/60181,DRIVE SHAFT 4WD P/S A/S,Axle & Wheel Parts,/images/products/914-60181-drive-shaft-4wd-p-s-a-s.webp,640x480,enhanced_rre_pdf,verified,Verified RRE PDF source crop enhanced on studio plate
914/86203,CENTER JOINT,Axle & Wheel Parts,/images/products/914-86203-center-joint.webp,640x480,enhanced_rre_pdf,verified,Verified RRE PDF source crop enhanced on studio plate
914/88101,SHAFT,Axle & Wheel Parts,/images/products/914-88101-shaft.webp,640x480,enhanced_rre_pdf,verified,Verified RRE PDF source crop enhanced on studio plate
914/88200,PROPALER SHAFT,Axle & Wheel Parts,/images/products/914-88200-propaler-shaft.webp,640x480,enhanced_rre_pdf,verified,Verified RRE PDF source crop enhanced on studio plate
914/89300,Driveshaft,Axle & Wheel Parts,/images/products/914-89300-driveshaft.webp,640x480,enhanced_rre_pdf,verified,Verified RRE PDF source crop enhanced on studio plate
914/89501,SHAFT,Axle & Wheel Parts,/images/products/914-89501-shaft.webp,640x480,enhanced_rre_pdf,verified,Verified RRE PDF source crop enhanced on studio plate
914/90640,ShaftDrive,Axle & Wheel Parts,/images/products/914-90640-shaftdrive.webp,640x480,enhanced_rre_pdf,verified,Verified RRE PDF source crop enhanced on studio plate
914/M4448,DRIVE SHAFT,Axle & Wheel Parts,/images/products/914-m4448-drive-shaft.webp,640x480,enhanced_rre_pdf,verified,Verified RRE PDF source crop enhanced on studio plate
980/84671,LOCKING PIN,Axle & Wheel Parts,/images/products/980-84671-locking-pin.webp,640x480,gemini_generated_representation,generated,Original factual representation for LOCKING PIN (Part No. 980/84671) in Axle & Wheel Parts.
990/98300,GEAR&PINION,Axle & Wheel Parts,/images/products/990-98300-gearpinion.webp,640x480,enhanced_rre_pdf,verified,Verified RRE PDF source crop enhanced on studio plate
990/99600,KIT-KING PIN',Axle & Wheel Parts,/images/products/990-99600-kit-king-pin.webp,640x480,enhanced_rre_pdf,verified,Verified RRE PDF source crop enhanced on studio plate