product_id,part_number,description,slug,generated_image_url,resolution,file_size_kb,category_updated,status
1d8a25902effd384,1305/3428Z,BOLT,1305-3428z-bolt,/images/products/1305-3428z-bolt.webp,640x480,7,Axle & Wheel Parts,PRODUCED_AND_INTEGRATED
d92dacc5e239e8e0,1305/3430Z,BOLT,1305-3430z-bolt,/images/products/1305-3430z-bolt.webp,640x480,7,Axle & Wheel Parts,PRODUCED_AND_INTEGRATED
37fb46a810403b07,1315/3418Z,BOLT M10 X 80 G8.8,1315-3418z-bolt-m10-x-80-g88,/images/products/1315-3418z-bolt-m10-x-80-g88.webp,640x480,7,Axle & Wheel Parts,PRODUCED_AND_INTEGRATED
f5f41553dce33eab,1315/3520Z,BOLT M12 x 100 G8.8,1315-3520z-bolt-m12-x-100-g88,/images/products/1315-3520z-bolt-m12-x-100-g88.webp,640x480,7,Axle & Wheel Parts,PRODUCED_AND_INTEGRATED
ad387cfa53731873,1315/3522Z,BOLT M12 x 120 G8.8,1315-3522z-bolt-m12-x-120-g88,/images/products/1315-3522z-bolt-m12-x-120-g88.webp,640x480,7,Axle & Wheel Parts,PRODUCED_AND_INTEGRATED
fe29fb20fd3f4f72,35/410700,W) (P) (TRK) STEER VALVE 200ccr(ANTISHO,35-410700-w-p-trk-steer-valve-200ccr-antisho,/images/products/35-410700-w-p-trk-steer-valve-200ccr-antisho.webp,640x480,6,Axle & Wheel Parts,PRODUCED_AND_INTEGRATED
3acd02b0d67b2cb1,41/927100,RIMWHEEL11X18,41-927100-rimwheel11x18,/images/products/41-927100-rimwheel11x18.webp,640x480,13,Axle & Wheel Parts,PRODUCED_AND_INTEGRATED
ae0b38be02a1e99f,448/10900,GEARCROWNWHEEL&PINION,448-10900-gearcrownwheelpinion,/images/products/448-10900-gearcrownwheelpinion.webp,640x480,13,Axle & Wheel Parts,PRODUCED_AND_INTEGRATED
a24b6b4119badf10,450/10205,ANNULUS RING,450-10205-annulus-ring,/images/products/450-10205-annulus-ring.webp,640x480,13,Axle & Wheel Parts,PRODUCED_AND_INTEGRATED
ae0b38be02a1e99f,448/10900,GEARCROWNWHEEL&PINION,448-10900-gearcrownwheelpinion,/images/products/448-10900-gearcrownwheelpinion.webp,640x480,13,PRESERVED,PRODUCED_AND_INTEGRATED
a24b6b4119badf10,450/10205,ANNULUS RING,450-10205-annulus-ring,/images/products/450-10205-annulus-ring.webp,640x480,13,PRESERVED,PRODUCED_AND_INTEGRATED
88bd23fa35a7becf,450/10206,GEAR PLANET,450-10206-gear-planet,/images/products/450-10206-gear-planet.webp,640x480,13,PRESERVED,PRODUCED_AND_INTEGRATED
93abc24be25c13d6,458/20446,WHEEL BRG CARRIER,458-20446-wheel-brg-carrier,/images/products/458-20446-wheel-brg-carrier.webp,640x480,13,Axle & Wheel Parts,PRODUCED_AND_INTEGRATED
ca12683f7835c35a,450/10800,CASING ASSY.DIFF.,450-10800-casing-assydiff,/images/products/450-10800-casing-assydiff.webp,640x480,6,Axle & Wheel Parts,PRODUCED_AND_INTEGRATED
639841a250ab8833,450/11000,DIFFERENTIAL GEAR SET,450-11000-differential-gear-set,/images/products/450-11000-differential-gear-set.webp,640x480,13,PRESERVED,PRODUCED_AND_INTEGRATED
606f43a8ee88fde1,450/10216,CARRIERPLANETARYHUB,450-10216-carrierplanetaryhub,/images/products/450-10216-carrierplanetaryhub.webp,640x480,6,Axle & Wheel Parts,PRODUCED_AND_INTEGRATED
7c48e1945cdfeb46,450/12702,ANNULUS CARRIER,450-12702-annulus-carrier,/images/products/450-12702-annulus-carrier.webp,640x480,13,Axle & Wheel Parts,PRODUCED_AND_INTEGRATED
6efca83d478dae8e,453/00303,BREATER-PLASTIC,453-00303-breater-plastic,/images/products/453-00303-breater-plastic.webp,640x480,6,Axle & Wheel Parts,PRODUCED_AND_INTEGRATED
5392c98b66f46ef5,453/01803,GEARANNULUS,453-01803-gearannulus,/images/products/453-01803-gearannulus.webp,640x480,13,Axle & Wheel Parts,PRODUCED_AND_INTEGRATED
02cfd31f07811e04,453/04402,ANNULUS CARRIER - MACHINED,453-04402-annulus-carrier-machined,/images/products/453-04402-annulus-carrier-machined.webp,640x480,13,Axle & Wheel Parts,PRODUCED_AND_INTEGRATED
eeab8288de0985c5,126/02253,Link rod,126-02253-link-rod,/images/products/126-02253-link-rod.webp,640x480,6,Axle & Wheel Parts,PRODUCED_AND_INTEGRATED
c458dc3cef7f1a9d,331/14861,JOINT BALL,331-14861-joint-ball,/images/products/331-14861-joint-ball.webp,640x480,6,Axle & Wheel Parts,PRODUCED_AND_INTEGRATED
5dc5122b9e8be779,331/36009,FLEXIBLE COUPLING,331-36009-flexible-coupling,/images/products/331-36009-flexible-coupling.webp,640x480,6,Axle & Wheel Parts,PRODUCED_AND_INTEGRATED
452d9c2444355b4c,440/00709,PLANET GEAR,440-00709-planet-gear,/images/products/440-00709-planet-gear.webp,640x480,13,PRESERVED,PRODUCED_AND_INTEGRATED
bc791f47e6322325,448/17902,BALL JOINT 50mm,448-17902-ball-joint-50mm,/images/products/448-17902-ball-joint-50mm.webp,640x480,6,Axle & Wheel Parts,PRODUCED_AND_INTEGRATED
f7cc6eeb98fe0499,448/42602,HUB SWIVEL - MACHINED,448-42602-hub-swivel-machined,/images/products/448-42602-hub-swivel-machined.webp,640x480,6,Axle & Wheel Parts,PRODUCED_AND_INTEGRATED
8561aca81d1d07e8,448/42703,JOINT,448-42703-joint,/images/products/448-42703-joint.webp,640x480,6,Axle & Wheel Parts,PRODUCED_AND_INTEGRATED
ab9bb0c07910e950,450/10208,THRUST PAD,450-10208-thrust-pad,/images/products/450-10208-thrust-pad.webp,640x480,6,Axle & Wheel Parts,PRODUCED_AND_INTEGRATED
00f45c52448be0ce,450/12403,SUN GEAR (SHOT PEENE,450-12403-sun-gear-shot-peene,/images/products/450-12403-sun-gear-shot-peene.webp,640x480,13,PRESERVED,PRODUCED_AND_INTEGRATED
6b87317ee94fec74,458/20813,COUPLINGYOKE-1480,458-20813-couplingyoke-1480,/images/products/458-20813-couplingyoke-1480.webp,640x480,6,Axle & Wheel Parts,PRODUCED_AND_INTEGRATED
646f734b66154487,453/00304,TRUNNION,453-00304-trunnion,/images/products/453-00304-trunnion.webp,640x480,6,Axle & Wheel Parts,PRODUCED_AND_INTEGRATED
57c38a41adad79bb,453/23400,LinkSteerG.A.,453-23400-linksteerga,/images/products/453-23400-linksteerga.webp,640x480,6,Axle & Wheel Parts,PRODUCED_AND_INTEGRATED
41804481f2fa3d81,458/20061,TRUNION,458-20061-trunion,/images/products/458-20061-trunion.webp,640x480,6,Axle & Wheel Parts,PRODUCED_AND_INTEGRATED
6fb8952ab59cb90f,458/20403,HUB SEAL COVER PLATE,458-20403-hub-seal-cover-plate,/images/products/458-20403-hub-seal-cover-plate.webp,640x480,14,PRESERVED,PRODUCED_AND_INTEGRATED
83bd7fd9b4c1179b,458/20672,CROWN WHEEL & PINION -30kpH,458-20672-crown-wheel-pinion-30kph,/images/products/458-20672-crown-wheel-pinion-30kph.webp,640x480,13,Axle & Wheel Parts,PRODUCED_AND_INTEGRATED
bb390dd905d1d0e0,458/70035,CROWN WHEEL PINION,458-70035-crown-wheel-pinion,/images/products/458-70035-crown-wheel-pinion.webp,640x480,13,Axle & Wheel Parts,PRODUCED_AND_INTEGRATED
37895949dbb09d48,458/M1352,SPIRALBEVELPINION13T(AssyPart-458/,458-m1352-spiralbevelpinion13t-assypart-458,/images/products/458-m1352-spiralbevelpinion13t-assypart-458.webp,640x480,13,Axle & Wheel Parts,PRODUCED_AND_INTEGRATED
fcca88dd6fdf17e5,458/70246,CROWNWHEEL & PINION ASSY.,458-70246-crownwheel-pinion-assy,/images/products/458-70246-crownwheel-pinion-assy.webp,640x480,13,Axle & Wheel Parts,PRODUCED_AND_INTEGRATED
c4b0628ee702c948,458/70248,PINIONSHAFT,458-70248-pinionshaft,/images/products/458-70248-pinionshaft.webp,640x480,13,Axle & Wheel Parts,PRODUCED_AND_INTEGRATED
1506be717a7df963,458/70258,GA C/WHEEL & PINION 13/38,458-70258-ga-c-wheel-pinion-13-38,/images/products/458-70258-ga-c-wheel-pinion-13-38.webp,640x480,13,Axle & Wheel Parts,PRODUCED_AND_INTEGRATED
1259177028df42ae,458/70260,GA C/WHEEL & PINION 13/33,458-70260-ga-c-wheel-pinion-13-33,/images/products/458-70260-ga-c-wheel-pinion-13-33.webp,640x480,13,Axle & Wheel Parts,PRODUCED_AND_INTEGRATED
1259177028df42ae,458/70260,GA C/WHEEL & PINION 13/33,458-70260-ga-c-wheel-pinion-13-33,/images/products/458-70260-ga-c-wheel-pinion-13-33.webp,640x480,13,PRESERVED,PRODUCED_AND_INTEGRATED
0b957c3d49d568d9,458/20814,COUPLING YOKE - 1550,458-20814-coupling-yoke-1550,/images/products/458-20814-coupling-yoke-1550.webp,640x480,6,Axle & Wheel Parts,PRODUCED_AND_INTEGRATED
33ad58e40ba2a95a,821/00289,LSHAPEDCIRCLIPCD3155',821-00289-lshapedcirclipcd3155,/images/products/821-00289-lshapedcirclipcd3155.webp,640x480,6,PRESERVED,PRODUCED_AND_INTEGRATED
2e9560cf50ea0be9,823/00220,SHIM 51x76.1x1.4MM,823-00220-shim-51x761x14mm,/images/products/823-00220-shim-51x761x14mm.webp,640x480,6,PRESERVED,PRODUCED_AND_INTEGRATED
458c18f145900e21,825/99928,WRENCH,825-99928-wrench,/images/products/825-99928-wrench.webp,640x480,6,Axle & Wheel Parts,PRODUCED_AND_INTEGRATED
1f8c1d1eeab8fb24,826/00425,PLUG,826-00425-plug,/images/products/826-00425-plug.webp,640x480,6,Axle & Wheel Parts,PRODUCED_AND_INTEGRATED
93bfec46cf5dc6a2,826/01060,VERBUSRIPPBOLT,826-01060-verbusrippbolt,/images/products/826-01060-verbusrippbolt.webp,640x480,7,Axle & Wheel Parts,PRODUCED_AND_INTEGRATED
163dbdc9de611c10,332/G8146,ABISTEERINGWHEEL-spinner,332-g8146-abisteeringwheel-spinner,/images/products/332-g8146-abisteeringwheel-spinner.webp,640x480,13,Axle & Wheel Parts,PRODUCED_AND_INTEGRATED
6578115553447fd6,1209/0015,SPRINGBUSH,1209-0015-springbush,/images/products/1209-0015-springbush.webp,640x480,5,PRESERVED,PRODUCED_AND_INTEGRATED
173dc5a4f83105a5,40/303392,BUSH,40-303392-bush,/images/products/40-303392-bush.webp,640x480,5,PRESERVED,PRODUCED_AND_INTEGRATED
16d6ce646c64540e,808/00304,LINERBEARING,808-00304-linerbearing,/images/products/808-00304-linerbearing.webp,640x480,6,PRESERVED,PRODUCED_AND_INTEGRATED
a113201aeebe3bef,331/31247,hingleblock assembly,331-31247-hingleblock-assembly,/images/products/331-31247-hingleblock-assembly.webp,640x480,6,Cabin Parts,PRODUCED_AND_INTEGRATED
72f85c04379bef9e,910/52501,THROTTLELEVER(213)',910-52501-throttlelever-213,/images/products/910-52501-throttlelever-213.webp,640x480,6,Cables,PRODUCED_AND_INTEGRATED
87d95d8aac7cdb64,910/60253,(W)(Pre-P)-CABLEparkbrake3C',910-60253-w-pre-p-cableparkbrake3c,/images/products/910-60253-w-pre-p-cableparkbrake3c.webp,640x480,6,PRESERVED,PRODUCED_AND_INTEGRATED
3d645877e6e00bd3,320/07201,LIFTPUMP.DIESELF,320-07201-liftpumpdieself,/images/products/320-07201-liftpumpdieself.webp,640x480,6,Engine Parts,PRODUCED_AND_INTEGRATED
33441a5e19cefb46,320/08651,AUTOTENSIONER(alt320/08759),320-08651-autotensioner-alt320-08759,/images/products/320-08651-autotensioner-alt320-08759.webp,640x480,6,Engine Parts,PRODUCED_AND_INTEGRATED
8e413cbcc79e6b17,320/09470,Big End Bearing Kit (Std)   -  4.8 BS3,320-09470-big-end-bearing-kit-std-48-bs3,/images/products/320-09470-big-end-bearing-kit-std-48-bs3.webp,640x480,14,PRESERVED,PRODUCED_AND_INTEGRATED
de12ddf8eac29ee0,320/09469,Piston Ring Kit (+0.5)   -  4.8 BS3,320-09469-piston-ring-kit-05-48-bs3,/images/products/320-09469-piston-ring-kit-05-48-bs3.webp,640x480,14,PRESERVED,PRODUCED_AND_INTEGRATED
5578d06f52866788,320/09472,Big End Bearing Kit (-0.5)   -  4.8 BS3,320-09472-big-end-bearing-kit-05-48-bs3,/images/products/320-09472-big-end-bearing-kit-05-48-bs3.webp,640x480,14,PRESERVED,PRODUCED_AND_INTEGRATED
4ec22f7530afab28,320/09382,TOP GASKET KIT mec,320-09382-top-gasket-kit-mec,/images/products/320-09382-top-gasket-kit-mec.webp,640x480,14,PRESERVED,PRODUCED_AND_INTEGRATED
7786cbf46990a153,333/Y7029,PUMP FUEL TRANSFER,333-y7029-pump-fuel-transfer,/images/products/333-y7029-pump-fuel-transfer.webp,640x480,6,PRESERVED,PRODUCED_AND_INTEGRATED
9da21b963b7e8ea3,320/03440,CRANKSHAFTMACHINING444LT,320-03440-crankshaftmachining444lt,/images/products/320-03440-crankshaftmachining444lt.webp,640x480,5,PRESERVED,PRODUCED_AND_INTEGRATED
a8b53b77c0b08fd1,32/925716,INTAKE-AIRFILTER',32-925716-intake-airfilter,/images/products/32-925716-intake-airfilter.webp,640x480,6,PRESERVED,PRODUCED_AND_INTEGRATED
405829cd85531b42,581/R5206,FILTER - TRANSMISSION 15 MICRON,581-r5206-filter-transmission-15-micron,/images/products/581-r5206-filter-transmission-15-micron.webp,640x480,6,PRESERVED,PRODUCED_AND_INTEGRATED
019d610fec4fccf2,32/925421,FILLER BREATHER CAP,32-925421-filler-breather-cap,/images/products/32-925421-filler-breather-cap.webp,640x480,6,PRESERVED,PRODUCED_AND_INTEGRATED
80cc5d8f70078f3b,1604/2051,ADAPTOR G1/4A M/M,1604-2051-adaptor-g1-4a-m-m,/images/products/1604-2051-adaptor-g1-4a-m-m.webp,640x480,6,PRESERVED,PRODUCED_AND_INTEGRATED
44a8868310da6149,1604/2052,ADAPTOR G3/8A M/M,1604-2052-adaptor-g3-8a-m-m,/images/products/1604-2052-adaptor-g3-8a-m-m.webp,640x480,6,PRESERVED,PRODUCED_AND_INTEGRATED
edc9b3b3698620c1,2201/0011,CLIP WORMDRIVE 40/64mm,2201-0011-clip-wormdrive-40-64mm,/images/products/2201-0011-clip-wormdrive-40-64mm.webp,640x480,6,PRESERVED,PRODUCED_AND_INTEGRATED
7e5ae980cf3d1cdf,2201/0012,CLIP WORMDRIVE 46/70mm#JS220,2201-0012-clip-wormdrive-46-70mmjs220,/images/products/2201-0012-clip-wormdrive-46-70mmjs220.webp,640x480,6,PRESERVED,PRODUCED_AND_INTEGRATED
c13eaaaee45c7692,828/00237,O-RING,828-00237-o-ring,/images/products/828-00237-o-ring.webp,640x480,14,PRESERVED,PRODUCED_AND_INTEGRATED
af039c63de61a1e0,613/00700,HOSE,613-00700-hose,/images/products/613-00700-hose.webp,640x480,8,PRESERVED,PRODUCED_AND_INTEGRATED
f2d2d773cfbad23b,25/618902,KIT SEAL,25-618902-kit-seal,/images/products/25-618902-kit-seal.webp,640x480,14,PRESERVED,PRODUCED_AND_INTEGRATED
f14cf94897dbf0ee,333/G5390,TWIN PUMP 36/29ccr,333-g5390-twin-pump-36-29ccr,/images/products/333-g5390-twin-pump-36-29ccr.webp,640x480,6,PRESERVED,PRODUCED_AND_INTEGRATED
82e484467a258f50,333/G5391,TWIN PUMP 37/33ccr,333-g5391-twin-pump-37-33ccr,/images/products/333-g5391-twin-pump-37-33ccr.webp,640x480,6,PRESERVED,PRODUCED_AND_INTEGRATED
18fe6feac652c24a,811/10061,PIVOTPIN,811-10061-pivotpin,/images/products/811-10061-pivotpin.webp,640x480,5,Pins- JCB,PRODUCED_AND_INTEGRATED
17ea333d730856ac,811/20005,PIVOTPIN,811-20005-pivotpin,/images/products/811-20005-pivotpin.webp,640x480,5,Pins- JCB,PRODUCED_AND_INTEGRATED
ef188d9f49bc56fb,811/50436,PINPIVOT,811-50436-pinpivot,/images/products/811-50436-pinpivot.webp,640x480,5,PRESERVED,PRODUCED_AND_INTEGRATED
6a76e9af6c80fe17,811/50569,PIVOT PIN 60X322MM,811-50569-pivot-pin-60x322mm,/images/products/811-50569-pivot-pin-60x322mm.webp,640x480,5,PRESERVED,PRODUCED_AND_INTEGRATED
f90f775582f44e4e,811/80008,PIVOTPIN,811-80008-pivotpin,/images/products/811-80008-pivotpin.webp,640x480,5,PRESERVED,PRODUCED_AND_INTEGRATED
5789296003f06f1d,813/00426,SEAL PIVOT PIN 50X60X5,813-00426-seal-pivot-pin-50x60x5,/images/products/813-00426-seal-pivot-pin-50x60x5.webp,640x480,14,PRESERVED,PRODUCED_AND_INTEGRATED
de36d8092f3c5ddc,920/01647,KITSEAL,920-01647-kitseal,/images/products/920-01647-kitseal.webp,640x480,14,Seals & Seals Kit,PRODUCED_AND_INTEGRATED
f44a9460a67df299,991/00135,SEALKIT,991-00135-sealkit,/images/products/991-00135-sealkit.webp,640x480,14,Seals & Seals Kit,PRODUCED_AND_INTEGRATED
602ec0a8fe7246eb,991/00157,SEAL KIT SERVICE,991-00157-seal-kit-service,/images/products/991-00157-seal-kit-service.webp,640x480,14,PRESERVED,PRODUCED_AND_INTEGRATED
97fe0ce700ae8230,991/20021,UNIVERSAL SEAL KIT,991-20021-universal-seal-kit,/images/products/991-20021-universal-seal-kit.webp,640x480,14,PRESERVED,PRODUCED_AND_INTEGRATED
d6339bed83b8740a,550/42888,SEAL KIT,550-42888-seal-kit,/images/products/550-42888-seal-kit.webp,640x480,14,PRESERVED,PRODUCED_AND_INTEGRATED
bb4c926bd52118e9,550/42895,SEAL KIT,550-42895-seal-kit,/images/products/550-42895-seal-kit.webp,640x480,14,PRESERVED,PRODUCED_AND_INTEGRATED
31e20d37ad7ef28f,819/00133,SPACER 50x120x4.0m,819-00133-spacer-50x120x40m,/images/products/819-00133-spacer-50x120x40m.webp,640x480,6,PRESERVED,PRODUCED_AND_INTEGRATED
2945662966cd1bbb,819/00134,SPACER,819-00134-spacer,/images/products/819-00134-spacer.webp,640x480,6,PRESERVED,PRODUCED_AND_INTEGRATED
c35eeafaad3a1273,823/00377,PLAIN WASHER,823-00377-plain-washer,/images/products/823-00377-plain-washer.webp,640x480,6,PRESERVED,PRODUCED_AND_INTEGRATED
affcccf8b3bf96b6,25/220998,Valve solenoid,25-220998-valve-solenoid,/images/products/25-220998-valve-solenoid.webp,640x480,6,PRESERVED,PRODUCED_AND_INTEGRATED
f935a623b86514b8,04/600786,TORQUE CONVERTOR W,04-600786-torque-convertor-w,/images/products/04-600786-torque-convertor-w.webp,640x480,6,PRESERVED,PRODUCED_AND_INTEGRATED
95c4e9728e5beeb2,04/500300,DRIVE PLATE KIT,04-500300-drive-plate-kit,/images/products/04-500300-drive-plate-kit.webp,640x480,14,PRESERVED,PRODUCED_AND_INTEGRATED
d902804f4b2c35fa,155/10600,Lock nut and Seal,155-10600-lock-nut-and-seal,/images/products/155-10600-lock-nut-and-seal.webp,640x480,7,PRESERVED,PRODUCED_AND_INTEGRATED
cad4e58918b86cb0,459/10143,GAGEARLEVERTURRET,459-10143-gagearleverturret,/images/products/459-10143-gagearleverturret.webp,640x480,13,PRESERVED,PRODUCED_AND_INTEGRATED
0428bdf1ca45bd04,459/50511,GEAR -2ND,459-50511-gear-2nd,/images/products/459-50511-gear-2nd.webp,640x480,13,PRESERVED,PRODUCED_AND_INTEGRATED